,date,rsi
9,2026-04-20T08:26:00.000Z,44.368794348365356
10,2026-04-20T08:28:00.000Z,64.35734615596557
11,2026-04-20T08:30:00.000Z,61.16704851338292
12,2026-04-20T08:31:00.000Z,55.72829470194313
13,2026-04-20T08:33:00.000Z,57.548219821864976
14,2026-04-20T08:37:00.000Z,50.53676012509006
15,2026-04-20T08:39:00.000Z,44.44488666471989
16,2026-04-20T08:40:00.000Z,49.05105627307703
17,2026-04-20T08:41:00.000Z,52.72567670009689
18,2026-04-20T08:43:00.000Z,56.92021879958908
19,2026-04-20T08:45:00.000Z,66.4178947620114
20,2026-04-20T08:46:00.000Z,68.70110777795333
21,2026-04-20T08:47:00.000Z,71.72849516467124
22,2026-04-20T08:48:00.000Z,68.53246323481966
23,2026-04-20T08:49:00.000Z,68.53246323481966
24,2026-04-20T08:54:00.000Z,66.0493213509427
25,2026-04-20T08:55:00.000Z,67.37902439065141
26,2026-04-20T08:57:00.000Z,68.75569363978097
27,2026-04-20T08:59:00.000Z,77.35620666695951
28,2026-04-20T09:00:00.000Z,78.20006810758234
29,2026-04-20T09:03:00.000Z,79.8865835572116
30,2026-04-20T09:04:00.000Z,47.20443065516474
31,2026-04-20T09:05:00.000Z,60.306143839523465
32,2026-04-20T09:06:00.000Z,66.46089166991956
33,2026-04-20T09:08:00.000Z,59.53721538818911
34,2026-04-20T09:09:00.000Z,50.135840049820246
35,2026-04-20T09:11:00.000Z,58.05324263227665
36,2026-04-20T09:13:00.000Z,59.33509737312964
37,2026-04-20T09:19:00.000Z,47.82570570426678
38,2026-04-20T09:22:00.000Z,50.40263524446733
39,2026-04-20T09:23:00.000Z,56.23846094116985
40,2026-04-20T09:24:00.000Z,50.6511331334514
41,2026-04-20T09:25:00.000Z,46.021694203708975
42,2026-04-20T09:30:00.000Z,33.98518527050649
43,2026-04-20T09:31:00.000Z,28.563123488308875
44,2026-04-20T09:32:00.000Z,23.676184673278854
45,2026-04-20T09:33:00.000Z,22.36597225203056
46,2026-04-20T09:34:00.000Z,28.119547383241922
47,2026-04-20T09:36:00.000Z,29.427113208944974
48,2026-04-20T09:38:00.000Z,39.884243581390244
49,2026-04-20T09:39:00.000Z,41.04052055502488
50,2026-04-20T09:40:00.000Z,40.17127652620519
51,2026-04-20T09:41:00.000Z,50.24783612254754
52,2026-04-20T09:42:00.000Z,50.24783612254754
53,2026-04-20T09:43:00.000Z,44.64931335079379
54,2026-04-20T09:44:00.000Z,56.183050321857166
55,2026-04-20T09:48:00.000Z,68.49298120007852
56,2026-04-20T09:51:00.000Z,70.36617902364034
57,2026-04-20T09:52:00.000Z,71.71738150629432
58,2026-04-20T09:53:00.000Z,61.06688219716826
59,2026-04-20T09:55:00.000Z,45.10792539127105
60,2026-04-20T09:57:00.000Z,44.742524787265765
61,2026-04-20T09:58:00.000Z,53.26127338269012
62,2026-04-20T09:59:00.000Z,49.01114418448004
63,2026-04-20T10:01:00.000Z,50.34834937819007
64,2026-04-20T10:02:00.000Z,50.34834937819007
65,2026-04-20T10:04:00.000Z,44.885655819886246
66,2026-04-20T10:05:00.000Z,49.37930847017549
67,2026-04-20T10:06:00.000Z,49.37930847017549
68,2026-04-20T10:07:00.000Z,66.32143961712453
69,2026-04-20T10:08:00.000Z,68.45339701052231
70,2026-04-20T10:12:00.000Z,68.77111076878373
71,2026-04-20T10:13:00.000Z,64.39357473590239
72,2026-04-20T10:22:00.000Z,72.82599082672041
73,2026-04-20T10:25:00.000Z,67.95180727087774
74,2026-04-20T10:26:00.000Z,56.420897986222805
75,2026-04-20T10:28:00.000Z,64.01392926802748
76,2026-04-20T10:30:00.000Z,64.34671879043144
77,2026-04-20T10:36:00.000Z,51.065077621190014
78,2026-04-20T10:41:00.000Z,51.065077621190014
79,2026-04-20T10:42:00.000Z,48.05237359219928
80,2026-04-20T10:45:00.000Z,44.598901536601474
81,2026-04-20T10:47:00.000Z,49.815720723924976
82,2026-04-20T10:48:00.000Z,47.04687831484064
83,2026-04-20T10:50:00.000Z,53.95663341526363
84,2026-04-20T10:52:00.000Z,45.5907735755125
85,2026-04-20T10:55:00.000Z,50.74560536789875
86,2026-04-20T10:56:00.000Z,52.43548693919664
87,2026-04-20T10:57:00.000Z,55.31036459704643
88,2026-04-20T10:58:00.000Z,49.88331123454923
89,2026-04-20T10:59:00.000Z,52.50469598871963
90,2026-04-20T11:00:00.000Z,43.01321297837499
91,2026-04-20T11:01:00.000Z,33.13099639348512
92,2026-04-20T11:02:00.000Z,33.130996393485106
93,2026-04-20T11:03:00.000Z,27.64934983421027
94,2026-04-20T11:05:00.000Z,30.2460848813446
95,2026-04-20T11:06:00.000Z,32.07451846915721
96,2026-04-20T11:07:00.000Z,31.60846416510573
97,2026-04-20T11:08:00.000Z,43.59491277834227
98,2026-04-20T11:09:00.000Z,49.00859049807163
99,2026-04-20T11:10:00.000Z,43.62519845525612
100,2026-04-20T11:11:00.000Z,28.895575728617146
101,2026-04-20T11:12:00.000Z,24.885383716406977
102,2026-04-20T11:13:00.000Z,24.985772037795016
103,2026-04-20T11:14:00.000Z,39.94462460378368
104,2026-04-20T11:15:00.000Z,38.21944183462849
105,2026-04-20T11:16:00.000Z,43.57886298589228
106,2026-04-20T11:17:00.000Z,44.39767979469955
107,2026-04-20T11:18:00.000Z,39.001387253148636
108,2026-04-20T11:19:00.000Z,37.702248535629934
109,2026-04-20T11:20:00.000Z,33.04394596855363
110,2026-04-20T11:21:00.000Z,36.753333907505926
111,2026-04-20T11:22:00.000Z,32.55349275810113
112,2026-04-20T11:23:00.000Z,42.60520246525879
113,2026-04-20T11:24:00.000Z,49.79182187330722
114,2026-04-20T11:25:00.000Z,50.06209966097949
115,2026-04-20T11:26:00.000Z,53.83977485062229
116,2026-04-20T11:27:00.000Z,41.2185672848075
117,2026-04-20T11:28:00.000Z,44.46678228085824
118,2026-04-20T11:31:00.000Z,41.253045888036155
119,2026-04-20T11:32:00.000Z,52.14717835270976
120,2026-04-20T11:33:00.000Z,58.8864031366069
121,2026-04-20T11:34:00.000Z,61.12605655967658
122,2026-04-20T11:36:00.000Z,48.49513656395598
123,2026-04-20T11:37:00.000Z,49.866246946787086
124,2026-04-20T11:38:00.000Z,53.9992250539764
125,2026-04-20T11:40:00.000Z,59.617123901670276
126,2026-04-20T11:41:00.000Z,62.56586274233466
127,2026-04-20T11:42:00.000Z,55.372584815681094
128,2026-04-20T11:44:00.000Z,68.74769966629138
129,2026-04-20T11:45:00.000Z,71.25998825793104
130,2026-04-20T11:46:00.000Z,79.44843175153818
131,2026-04-20T11:47:00.000Z,82.55900911310512
132,2026-04-20T11:48:00.000Z,82.73037101971302
133,2026-04-20T11:49:00.000Z,85.81843353524383
134,2026-04-20T11:50:00.000Z,86.8022458759727
135,2026-04-20T11:51:00.000Z,87.10417905036138
136,2026-04-20T11:52:00.000Z,88.67589160698066
137,2026-04-20T11:53:00.000Z,91.52821948474295
138,2026-04-20T11:54:00.000Z,92.07058157876014
139,2026-04-20T11:55:00.000Z,92.07058157876014
140,2026-04-20T11:56:00.000Z,93.37434646879203
141,2026-04-20T11:57:00.000Z,81.03080609006184
142,2026-04-20T11:58:00.000Z,83.55204949493508
143,2026-04-20T11:59:00.000Z,85.44754837606327
144,2026-04-20T12:01:00.000Z,66.8353062613435
145,2026-04-20T12:02:00.000Z,66.23417409123383
146,2026-04-20T12:03:00.000Z,52.43856960425704
147,2026-04-20T12:04:00.000Z,67.61536630990861
148,2026-04-20T12:05:00.000Z,56.3365692572066
149,2026-04-20T12:06:00.000Z,47.99721815840286
150,2026-04-20T12:07:00.000Z,50.991272976258955
151,2026-04-20T12:08:00.000Z,50.329360043043394
152,2026-04-20T12:09:00.000Z,54.635489852261735
153,2026-04-20T12:10:00.000Z,60.29518809003336
154,2026-04-20T12:11:00.000Z,64.72506007604869
155,2026-04-20T12:12:00.000Z,66.9230210669131
156,2026-04-20T12:13:00.000Z,64.60338470427358
157,2026-04-20T12:14:00.000Z,65.07894890061613
158,2026-04-20T12:15:00.000Z,50.77784449658344
159,2026-04-20T12:16:00.000Z,50.36282320042837
160,2026-04-20T12:17:00.000Z,63.46453162044157
161,2026-04-20T12:18:00.000Z,67.65160380430758
162,2026-04-20T12:19:00.000Z,67.89508804273746
163,2026-04-20T12:20:00.000Z,76.46466613814283
164,2026-04-20T12:21:00.000Z,77.41115874975767
165,2026-04-20T12:22:00.000Z,73.28330964118808
166,2026-04-20T12:23:00.000Z,50.343678058699965
167,2026-04-20T12:24:00.000Z,56.55603604977752
168,2026-04-20T12:25:00.000Z,47.592766638360416
169,2026-04-20T12:26:00.000Z,43.60348947643834
170,2026-04-20T12:27:00.000Z,32.79668516347243
171,2026-04-20T12:28:00.000Z,36.02047717149902
172,2026-04-20T12:29:00.000Z,39.3337822657772
173,2026-04-20T12:30:00.000Z,46.94643037950748
174,2026-04-20T12:31:00.000Z,42.402843880287875
175,2026-04-20T12:32:00.000Z,40.09313643270184
176,2026-04-20T12:33:00.000Z,40.818458318952175
177,2026-04-20T12:34:00.000Z,40.818458318952175
178,2026-04-20T12:35:00.000Z,32.781257252969326
179,2026-04-20T12:36:00.000Z,31.89802570213982
180,2026-04-20T12:37:00.000Z,31.89802570213982
181,2026-04-20T12:38:00.000Z,33.59629892774262
182,2026-04-20T12:39:00.000Z,42.19641102233245
183,2026-04-20T12:42:00.000Z,56.00408750553714
184,2026-04-20T12:43:00.000Z,48.35261008608998
185,2026-04-20T12:45:00.000Z,46.205848947263725
186,2026-04-20T12:46:00.000Z,52.812876317577285
187,2026-04-20T12:47:00.000Z,53.92966269186381
188,2026-04-20T12:48:00.000Z,55.12449906008909
189,2026-04-20T12:49:00.000Z,47.13045682027726
190,2026-04-20T12:50:00.000Z,48.31029303114852
191,2026-04-20T12:51:00.000Z,46.86373127829643
192,2026-04-20T12:52:00.000Z,32.33883739699219
193,2026-04-20T12:53:00.000Z,37.7639718250429
194,2026-04-20T12:54:00.000Z,41.46031265126128
195,2026-04-20T12:55:00.000Z,42.01380198632443
196,2026-04-20T12:57:00.000Z,37.97452419310202
197,2026-04-20T12:58:00.000Z,37.56818892447678
198,2026-04-20T12:59:00.000Z,48.17394782421933
199,2026-04-20T13:00:00.000Z,37.56227609204093
200,2026-04-20T13:01:00.000Z,46.08493755292434
201,2026-04-20T13:02:00.000Z,44.425193541684656
202,2026-04-20T13:04:00.000Z,53.586685539751585
203,2026-04-20T13:05:00.000Z,57.33472558118021
204,2026-04-20T13:06:00.000Z,65.37377403810666
205,2026-04-20T13:07:00.000Z,65.68998411710264
206,2026-04-20T13:08:00.000Z,73.7732775902781
207,2026-04-20T13:09:00.000Z,71.8684390808769
208,2026-04-20T13:10:00.000Z,74.13262047402802
209,2026-04-20T13:11:00.000Z,71.24948803863398
210,2026-04-20T13:12:00.000Z,78.60932383565469
211,2026-04-20T13:13:00.000Z,80.92155966018774
212,2026-04-20T13:14:00.000Z,65.86153029846895
213,2026-04-20T13:15:00.000Z,66.14349255551599
214,2026-04-20T13:16:00.000Z,69.53984538752714
215,2026-04-20T13:17:00.000Z,58.19438099680354
216,2026-04-20T13:18:00.000Z,60.2129258402992
217,2026-04-20T13:19:00.000Z,67.58734048241575
218,2026-04-20T13:20:00.000Z,73.37120764750938
219,2026-04-20T13:21:00.000Z,62.3554740840865
220,2026-04-20T13:22:00.000Z,67.79502712511413
221,2026-04-20T13:23:00.000Z,67.79740660519593
222,2026-04-20T13:24:00.000Z,56.12897551535381
223,2026-04-20T13:25:00.000Z,52.0958534009846
224,2026-04-20T13:26:00.000Z,55.678631725321914
225,2026-04-20T13:27:00.000Z,65.76146473118706
226,2026-04-20T13:28:00.000Z,65.37425553050382
227,2026-04-20T13:29:00.000Z,74.66010202257391
228,2026-04-20T13:30:00.000Z,65.02847414299274
229,2026-04-20T13:31:00.000Z,54.283960684705
230,2026-04-20T13:32:00.000Z,52.65324934249332
231,2026-04-20T13:33:00.000Z,49.4190152172575
232,2026-04-20T13:34:00.000Z,60.5838036091433
233,2026-04-20T13:35:00.000Z,63.75939371544839
234,2026-04-20T13:36:00.000Z,63.87642807300445
235,2026-04-20T13:37:00.000Z,57.043748964729915
236,2026-04-20T13:38:00.000Z,45.181245910281724
237,2026-04-20T13:39:00.000Z,44.89014205795537
238,2026-04-20T13:40:00.000Z,50.94660153774695
239,2026-04-20T13:41:00.000Z,48.81632752550529
240,2026-04-20T13:42:00.000Z,53.217664937914144
241,2026-04-20T13:43:00.000Z,58.856925179919266
242,2026-04-20T13:44:00.000Z,57.93250826254161
243,2026-04-20T13:45:00.000Z,61.96397596540847
244,2026-04-20T13:46:00.000Z,47.62845737674465
245,2026-04-20T13:47:00.000Z,57.92527099283168
246,2026-04-20T13:48:00.000Z,47.708192638185444
247,2026-04-20T13:49:00.000Z,49.82988284644009
248,2026-04-20T13:50:00.000Z,51.531347755575595
249,2026-04-20T13:51:00.000Z,44.122640692594224
250,2026-04-20T13:52:00.000Z,48.30381012987924
251,2026-04-20T13:53:00.000Z,46.86924109839824
252,2026-04-20T13:54:00.000Z,54.146367821305056
253,2026-04-20T13:55:00.000Z,56.60959562224579
254,2026-04-20T13:56:00.000Z,56.98153820499185
255,2026-04-20T13:57:00.000Z,51.07855095913356
256,2026-04-20T13:58:00.000Z,49.63217287143805
257,2026-04-20T13:59:00.000Z,39.85877278463184
258,2026-04-20T14:00:00.000Z,31.684489702820827
259,2026-04-20T14:01:00.000Z,28.727802943590234
260,2026-04-20T14:02:00.000Z,37.47914690919398
261,2026-04-20T14:03:00.000Z,32.19748008502539
262,2026-04-20T14:04:00.000Z,48.68306355483151
263,2026-04-20T14:05:00.000Z,46.53393129077099
264,2026-04-20T14:06:00.000Z,45.91999471218437
265,2026-04-20T14:07:00.000Z,46.261826466551234
266,2026-04-20T14:08:00.000Z,33.77342923749076
267,2026-04-20T14:09:00.000Z,33.77393285503777
268,2026-04-20T14:10:00.000Z,26.199625292759762
269,2026-04-20T14:11:00.000Z,25.422473673362006
270,2026-04-20T14:12:00.000Z,24.018994369869432
271,2026-04-20T14:13:00.000Z,45.523707952870396
272,2026-04-20T14:14:00.000Z,57.76294146557526
273,2026-04-20T14:15:00.000Z,55.01571099213417
274,2026-04-20T14:16:00.000Z,56.75096521920854
275,2026-04-20T14:17:00.000Z,59.668073120150694
276,2026-04-20T14:18:00.000Z,52.84699243908539
277,2026-04-20T14:19:00.000Z,55.22032364909843
278,2026-04-20T14:20:00.000Z,58.87448323095891
279,2026-04-20T14:21:00.000Z,66.20693169366109
280,2026-04-20T14:22:00.000Z,67.2163810397793
281,2026-04-20T14:23:00.000Z,71.73986734292082
282,2026-04-20T14:24:00.000Z,75.73596136215636
283,2026-04-20T14:25:00.000Z,68.12273044715094
284,2026-04-20T14:26:00.000Z,73.05596056901285
285,2026-04-20T14:27:00.000Z,66.5231572250868
286,2026-04-20T14:28:00.000Z,61.28214060477966
287,2026-04-20T14:29:00.000Z,59.83580051742165
288,2026-04-20T14:30:00.000Z,65.61731504190728
289,2026-04-20T14:31:00.000Z,54.86281964137047
290,2026-04-20T14:32:00.000Z,56.93409778007873
291,2026-04-20T14:33:00.000Z,47.87119559305524
292,2026-04-20T14:34:00.000Z,39.5089280748555
293,2026-04-20T14:35:00.000Z,32.306222247460525
294,2026-04-20T14:36:00.000Z,31.645508505668133
295,2026-04-20T14:37:00.000Z,38.48080050103244
296,2026-04-20T14:38:00.000Z,36.63356120295662
297,2026-04-20T14:39:00.000Z,31.983279435582347
298,2026-04-20T14:40:00.000Z,31.469665585477046
299,2026-04-20T14:41:00.000Z,25.577762184350462
300,2026-04-20T14:42:00.000Z,28.073496818211495
301,2026-04-20T14:43:00.000Z,38.225456583308144
302,2026-04-20T14:44:00.000Z,41.286736662291865
303,2026-04-20T14:45:00.000Z,40.16541678624666
304,2026-04-20T14:46:00.000Z,32.28168131055169
305,2026-04-20T14:47:00.000Z,30.6100998478785
306,2026-04-20T14:48:00.000Z,30.021814587451686
307,2026-04-20T14:49:00.000Z,44.43380846775666
308,2026-04-20T14:50:00.000Z,41.62098156258299
309,2026-04-20T14:51:00.000Z,25.683179411047476
310,2026-04-20T14:52:00.000Z,22.301883277525647
311,2026-04-20T14:53:00.000Z,31.91674919506326
312,2026-04-20T14:54:00.000Z,45.6041902615568
313,2026-04-20T14:55:00.000Z,36.6444897269914
314,2026-04-20T14:56:00.000Z,36.04678994803154
315,2026-04-20T14:57:00.000Z,32.294612667360866
316,2026-04-20T14:58:00.000Z,31.32915257394272
317,2026-04-20T14:59:00.000Z,42.53809812078133
318,2026-04-20T15:00:00.000Z,39.07420074946501
319,2026-04-20T15:01:00.000Z,39.861286535363675
320,2026-04-20T15:02:00.000Z,37.93186693313639
321,2026-04-20T15:03:00.000Z,27.935595347499884
322,2026-04-20T15:04:00.000Z,28.625004312229578
323,2026-04-20T15:05:00.000Z,28.320260334462475
324,2026-04-20T15:06:00.000Z,34.113114083389405
325,2026-04-20T15:07:00.000Z,27.70198474726567
326,2026-04-20T15:08:00.000Z,42.81518474339622
327,2026-04-20T15:09:00.000Z,37.084492934917975
328,2026-04-20T15:10:00.000Z,44.689056085530275
329,2026-04-20T15:11:00.000Z,51.30985180838574
330,2026-04-20T15:12:00.000Z,39.621849500575614
331,2026-04-20T15:13:00.000Z,34.94899311262117
332,2026-04-20T15:14:00.000Z,44.59690920981489
333,2026-04-20T15:15:00.000Z,39.66017809012184
334,2026-04-20T15:16:00.000Z,37.85467713823338
335,2026-04-20T15:17:00.000Z,43.33613879191537
336,2026-04-20T15:18:00.000Z,51.53920810291387
337,2026-04-20T15:19:00.000Z,48.5409337460259
338,2026-04-20T15:20:00.000Z,46.615547151383936
339,2026-04-20T15:21:00.000Z,52.4103155184809
340,2026-04-20T15:22:00.000Z,55.561482708359335
341,2026-04-20T15:23:00.000Z,60.628138754360315
342,2026-04-20T15:24:00.000Z,63.57873098618228
343,2026-04-20T15:25:00.000Z,69.11227054636882
344,2026-04-20T15:26:00.000Z,71.84862167208863
345,2026-04-20T15:27:00.000Z,68.10350416695765
346,2026-04-20T15:28:00.000Z,65.23495912634434
347,2026-04-20T15:29:00.000Z,68.91701059243009
348,2026-04-20T15:30:00.000Z,54.94871274915236
349,2026-04-20T15:31:00.000Z,56.1975722960861
350,2026-04-20T15:32:00.000Z,53.68689791205604
351,2026-04-20T15:33:00.000Z,61.30443853352121
352,2026-04-20T15:34:00.000Z,49.43302600943238
353,2026-04-20T15:35:00.000Z,49.43268121658185
354,2026-04-20T15:36:00.000Z,40.89043149580874
355,2026-04-20T15:37:00.000Z,40.2876758268515
356,2026-04-20T15:38:00.000Z,45.06849952605679
357,2026-04-20T15:39:00.000Z,43.03844020393841
358,2026-04-20T15:40:00.000Z,50.35795316576405
359,2026-04-20T15:41:00.000Z,45.431299006372846
360,2026-04-20T15:42:00.000Z,40.92785211088083
361,2026-04-20T15:43:00.000Z,40.181411274627706
362,2026-04-20T15:44:00.000Z,36.956853112893675
363,2026-04-20T15:45:00.000Z,30.349027726001708
364,2026-04-20T15:46:00.000Z,37.686184909015715
365,2026-04-20T15:47:00.000Z,38.29556504849907
366,2026-04-20T15:48:00.000Z,48.49504432600523
367,2026-04-20T15:49:00.000Z,42.17710516271034
368,2026-04-20T15:50:00.000Z,35.53236493585361
369,2026-04-20T15:51:00.000Z,35.53236493585361
370,2026-04-20T15:52:00.000Z,33.039679920385865
371,2026-04-20T15:53:00.000Z,29.394312030614756
372,2026-04-20T15:54:00.000Z,28.745571352990254
373,2026-04-20T15:55:00.000Z,48.547205023066056
374,2026-04-20T15:56:00.000Z,47.58735896263272
375,2026-04-20T15:57:00.000Z,53.758594894068736
376,2026-04-20T15:58:00.000Z,54.263454635228314
377,2026-04-20T15:59:00.000Z,52.335015859688866
378,2026-04-20T16:00:00.000Z,51.6467242665579
379,2026-04-20T16:01:00.000Z,40.31384117169967
380,2026-04-20T16:02:00.000Z,35.27270935107539
381,2026-04-20T16:03:00.000Z,34.39264427859965
382,2026-04-20T16:04:00.000Z,30.161748016336972
383,2026-04-20T16:05:00.000Z,42.82350454705935
384,2026-04-20T16:06:00.000Z,42.28447315132316
385,2026-04-20T16:07:00.000Z,36.14279131882668
386,2026-04-20T16:08:00.000Z,44.46164297582733
387,2026-04-20T16:09:00.000Z,51.84001558406798
388,2026-04-20T16:10:00.000Z,57.108888136036605
389,2026-04-20T16:11:00.000Z,55.694367855566114
390,2026-04-20T16:12:00.000Z,57.515351272936066
391,2026-04-20T16:13:00.000Z,51.91393118847642
392,2026-04-20T16:14:00.000Z,53.37383157655686
393,2026-04-20T16:15:00.000Z,59.58441576551232
394,2026-04-20T16:16:00.000Z,42.82773732635653
395,2026-04-20T16:17:00.000Z,35.04337642549342
396,2026-04-20T16:18:00.000Z,29.865939923596372
397,2026-04-20T16:19:00.000Z,46.895770000561704
398,2026-04-20T16:20:00.000Z,55.835560879721086
399,2026-04-20T16:21:00.000Z,57.44723323090967
400,2026-04-20T16:22:00.000Z,47.66280748507245
401,2026-04-20T16:23:00.000Z,54.99304100684294
402,2026-04-20T16:24:00.000Z,53.99183155547511
403,2026-04-20T16:25:00.000Z,55.36265846626068
404,2026-04-20T16:26:00.000Z,58.60105045569484
405,2026-04-20T16:27:00.000Z,66.10846729407729
406,2026-04-20T16:28:00.000Z,61.48658975143316
407,2026-04-20T16:29:00.000Z,62.12548931099268
408,2026-04-20T16:30:00.000Z,69.51751004531036
409,2026-04-20T16:31:00.000Z,64.43368208619927
410,2026-04-20T16:32:00.000Z,60.862554679342715
411,2026-04-20T16:33:00.000Z,61.81536308549361
412,2026-04-20T16:34:00.000Z,51.87398265112332
413,2026-04-20T16:35:00.000Z,45.16292756619821
414,2026-04-20T16:36:00.000Z,51.59476910753352
415,2026-04-20T16:37:00.000Z,46.88168500868307
416,2026-04-20T16:38:00.000Z,51.83259277594117
417,2026-04-20T16:39:00.000Z,50.83320235273128
418,2026-04-20T16:40:00.000Z,58.86385546628912
419,2026-04-20T16:41:00.000Z,64.63946439265217
420,2026-04-20T16:42:00.000Z,67.623202491069
421,2026-04-20T16:43:00.000Z,65.83617376297849
422,2026-04-20T16:44:00.000Z,56.9566908684012
423,2026-04-20T16:45:00.000Z,62.62730426691122
424,2026-04-20T16:46:00.000Z,57.36312274495218
425,2026-04-20T16:47:00.000Z,62.77830028301748
426,2026-04-20T16:48:00.000Z,58.986094305855794
427,2026-04-20T16:49:00.000Z,59.5962872915931
428,2026-04-20T16:50:00.000Z,59.59567847927272
429,2026-04-20T16:51:00.000Z,65.45092374761452
430,2026-04-20T16:52:00.000Z,70.74904589575331
431,2026-04-20T16:53:00.000Z,60.339337035061995
432,2026-04-20T16:54:00.000Z,63.92189349295759
433,2026-04-20T16:55:00.000Z,58.93150657942577
434,2026-04-20T16:56:00.000Z,63.99270773146616
435,2026-04-20T16:57:00.000Z,58.889802914408925
436,2026-04-20T16:58:00.000Z,61.64262632873254
437,2026-04-20T16:59:00.000Z,64.63939695090802
438,2026-04-20T17:00:00.000Z,72.01777173490352
439,2026-04-20T17:01:00.000Z,55.96183370671049
440,2026-04-20T17:02:00.000Z,64.3592097938263
441,2026-04-20T17:03:00.000Z,68.30689488699136
442,2026-04-20T17:04:00.000Z,64.72246389602486
443,2026-04-20T17:05:00.000Z,60.2745898609281
444,2026-04-20T17:06:00.000Z,66.27254080098064
445,2026-04-20T17:07:00.000Z,69.6351338195555
446,2026-04-20T17:08:00.000Z,67.61345357702768
447,2026-04-20T17:09:00.000Z,71.14830934694021
448,2026-04-20T17:10:00.000Z,71.3833074137911
449,2026-04-20T17:11:00.000Z,74.21075716641018
450,2026-04-20T17:12:00.000Z,64.63190110655322
451,2026-04-20T17:13:00.000Z,60.25617260128171
452,2026-04-20T17:14:00.000Z,55.99447169998968
453,2026-04-20T17:15:00.000Z,54.90020728088379
454,2026-04-20T17:16:00.000Z,55.86901493762122
455,2026-04-20T17:17:00.000Z,64.4582477468688
456,2026-04-20T17:18:00.000Z,64.84314367241655
457,2026-04-20T17:19:00.000Z,59.7466161889126
458,2026-04-20T17:20:00.000Z,44.13963157178525
459,2026-04-20T17:21:00.000Z,50.38880993463172
460,2026-04-20T17:22:00.000Z,53.32556487898827
461,2026-04-20T17:23:00.000Z,67.29982515132916
462,2026-04-20T17:24:00.000Z,47.8380631790168
463,2026-04-20T17:25:00.000Z,44.71090312819031
464,2026-04-20T17:26:00.000Z,44.71090312819031
465,2026-04-20T17:27:00.000Z,45.16512534439925
466,2026-04-20T17:28:00.000Z,39.036785695730316
467,2026-04-20T17:29:00.000Z,61.06085954952406
468,2026-04-20T17:30:00.000Z,62.74352252199179
469,2026-04-20T17:31:00.000Z,59.4406909831646
470,2026-04-20T17:32:00.000Z,43.86019126574749
471,2026-04-20T17:33:00.000Z,35.20111310740502
472,2026-04-20T17:34:00.000Z,35.21548771749224
473,2026-04-20T17:35:00.000Z,46.55305211443392
474,2026-04-20T17:36:00.000Z,56.8076488286385
475,2026-04-20T17:37:00.000Z,56.912207016304926
476,2026-04-20T17:38:00.000Z,57.54903572420133
477,2026-04-20T17:39:00.000Z,60.221680886360936
478,2026-04-20T17:40:00.000Z,63.20314326095348
479,2026-04-20T17:41:00.000Z,55.96618218416825
480,2026-04-20T17:42:00.000Z,47.18748991327836
481,2026-04-20T17:43:00.000Z,52.360928900817434
482,2026-04-20T17:44:00.000Z,53.637760808765606
483,2026-04-20T17:45:00.000Z,47.22651619565959
484,2026-04-20T17:46:00.000Z,48.759256987595066
485,2026-04-20T17:47:00.000Z,47.97547591887448
486,2026-04-20T17:48:00.000Z,43.99950572120703
487,2026-04-20T17:49:00.000Z,49.63384968641525
488,2026-04-20T17:50:00.000Z,50.566182357667074
489,2026-04-20T17:51:00.000Z,46.677915089504594
490,2026-04-20T17:52:00.000Z,39.79318171319257
491,2026-04-20T17:53:00.000Z,46.45657723047532
492,2026-04-20T17:54:00.000Z,55.65820142707802
493,2026-04-20T17:55:00.000Z,50.7521166504646
494,2026-04-20T17:56:00.000Z,43.801998447318944
495,2026-04-20T17:57:00.000Z,33.985651953735655
496,2026-04-20T17:58:00.000Z,43.48558664249684
497,2026-04-20T17:59:00.000Z,39.34494465983094
498,2026-04-20T18:00:00.000Z,57.78071156145304
499,2026-04-20T18:01:00.000Z,60.81387658567139
500,2026-04-20T18:02:00.000Z,60.81452106646957
501,2026-04-20T18:03:00.000Z,69.21390234501835
502,2026-04-20T18:04:00.000Z,66.1138935046266
503,2026-04-20T18:05:00.000Z,74.68003196484611
504,2026-04-20T18:06:00.000Z,74.98285702025842
505,2026-04-20T18:07:00.000Z,66.0918748921307
506,2026-04-20T18:08:00.000Z,64.37483507863504
507,2026-04-20T18:09:00.000Z,69.69088291732675
508,2026-04-20T18:10:00.000Z,63.47458947869319
509,2026-04-20T18:11:00.000Z,55.516952198246564
510,2026-04-20T18:12:00.000Z,58.44735074330422
511,2026-04-20T18:13:00.000Z,62.85226082034747
512,2026-04-20T18:14:00.000Z,71.05160262060582
513,2026-04-20T18:15:00.000Z,58.7633078152508
514,2026-04-20T18:16:00.000Z,58.06516997137458
515,2026-04-20T18:17:00.000Z,60.2109005249576
516,2026-04-20T18:18:00.000Z,55.069422947346425
517,2026-04-20T18:19:00.000Z,56.659969415050384
518,2026-04-20T18:20:00.000Z,62.13682804452343
519,2026-04-20T18:21:00.000Z,47.778465225779875
520,2026-04-20T18:22:00.000Z,56.165807900258116
521,2026-04-20T18:23:00.000Z,47.83206058941659
522,2026-04-20T18:24:00.000Z,50.875874391361165
523,2026-04-20T18:25:00.000Z,48.33758098663938
524,2026-04-20T18:26:00.000Z,52.655781227891275
525,2026-04-20T18:27:00.000Z,50.46523974780108
526,2026-04-20T18:28:00.000Z,48.20943437201842
527,2026-04-20T18:29:00.000Z,51.46457544970903
528,2026-04-20T18:30:00.000Z,47.67207963311739
529,2026-04-20T18:31:00.000Z,48.15036209295855
530,2026-04-20T18:32:00.000Z,48.15036209295855
531,2026-04-20T18:33:00.000Z,60.819398522658105
532,2026-04-20T18:34:00.000Z,60.819398522658105
533,2026-04-20T18:35:00.000Z,54.22962435954618
534,2026-04-20T18:36:00.000Z,34.65238316923558
535,2026-04-20T18:37:00.000Z,40.352655331500586
536,2026-04-20T18:38:00.000Z,41.32213157103143
537,2026-04-20T18:39:00.000Z,40.5801179423238
538,2026-04-20T18:40:00.000Z,55.65499031194675
539,2026-04-20T18:41:00.000Z,59.72096328597232
540,2026-04-20T18:42:00.000Z,63.479713610726485
541,2026-04-20T18:43:00.000Z,59.31690502634881
542,2026-04-20T18:44:00.000Z,59.31690502634881
543,2026-04-20T18:45:00.000Z,60.06087130433344
544,2026-04-20T18:46:00.000Z,65.63772815592321
545,2026-04-20T18:47:00.000Z,64.21692283238082
546,2026-04-20T18:48:00.000Z,65.87875960031121
547,2026-04-20T18:49:00.000Z,56.95326324912048
548,2026-04-20T18:50:00.000Z,58.03991849779613
549,2026-04-20T18:51:00.000Z,68.70294372093073
550,2026-04-20T18:52:00.000Z,56.48867893376484
551,2026-04-20T18:53:00.000Z,52.08462973477036
552,2026-04-20T18:54:00.000Z,51.980825745803685
553,2026-04-20T18:55:00.000Z,59.17690587242861
554,2026-04-20T18:56:00.000Z,51.70426671849787
555,2026-04-20T18:57:00.000Z,50.50838961407446
556,2026-04-20T18:58:00.000Z,44.18499620867596
557,2026-04-20T18:59:00.000Z,43.08175642603444
558,2026-04-20T19:00:00.000Z,69.80186734979851
559,2026-04-20T19:01:00.000Z,72.9737202852163
560,2026-04-20T19:02:00.000Z,61.54565527267548
561,2026-04-20T19:03:00.000Z,62.738602882325516
562,2026-04-20T19:04:00.000Z,61.66419788951729
563,2026-04-20T19:05:00.000Z,69.82028445587612
564,2026-04-20T19:06:00.000Z,69.8205364164296
565,2026-04-20T19:07:00.000Z,62.596182935404194
566,2026-04-20T19:08:00.000Z,65.9027628238562
567,2026-04-20T19:09:00.000Z,72.25243020382396
568,2026-04-20T19:10:00.000Z,58.852410923710586
569,2026-04-20T19:11:00.000Z,63.15714910223458
570,2026-04-20T19:12:00.000Z,64.355896115381
571,2026-04-20T19:13:00.000Z,66.7927117235738
572,2026-04-20T19:14:00.000Z,67.41134362315799
573,2026-04-20T19:15:00.000Z,59.81131486403882
574,2026-04-20T19:16:00.000Z,46.15448893018812
575,2026-04-20T19:17:00.000Z,49.83516183899755
576,2026-04-20T19:18:00.000Z,51.694945992866224
577,2026-04-20T19:19:00.000Z,50.63893076374662
578,2026-04-20T19:20:00.000Z,39.70129662648228
579,2026-04-20T19:21:00.000Z,53.020059658349375
580,2026-04-20T19:22:00.000Z,53.01868117784367
581,2026-04-20T19:23:00.000Z,49.0986283922673
582,2026-04-20T19:24:00.000Z,52.0892221542342
583,2026-04-20T19:25:00.000Z,47.87064148025373
584,2026-04-20T19:26:00.000Z,39.72780141398857
585,2026-04-20T19:27:00.000Z,33.952315000956986
586,2026-04-20T19:28:00.000Z,40.087825287477685
587,2026-04-20T19:29:00.000Z,42.475686365479056
588,2026-04-20T19:30:00.000Z,32.56914256806003
589,2026-04-20T19:31:00.000Z,39.61101118727409
590,2026-04-20T19:32:00.000Z,32.3290118794457
591,2026-04-20T19:33:00.000Z,30.67428641638405
592,2026-04-20T19:34:00.000Z,30.097143441299508
593,2026-04-20T19:35:00.000Z,20.23583173967731
594,2026-04-20T19:36:00.000Z,16.7467710080481
595,2026-04-20T19:37:00.000Z,22.514964201343105
596,2026-04-20T19:38:00.000Z,21.70169887332257
597,2026-04-20T19:39:00.000Z,20.135987379823703
598,2026-04-20T19:40:00.000Z,20.135987379823703
599,2026-04-20T19:41:00.000Z,28.011733658486563
600,2026-04-20T19:42:00.000Z,30.128171590226643
601,2026-04-20T19:43:00.000Z,38.28473726132754
602,2026-04-20T19:44:00.000Z,33.19759102619055
603,2026-04-20T19:45:00.000Z,41.33894029820061
604,2026-04-20T19:46:00.000Z,48.41314173778139
605,2026-04-20T19:47:00.000Z,45.56078169014657
606,2026-04-20T19:48:00.000Z,40.22801916491235
607,2026-04-20T19:49:00.000Z,45.04942433045376
608,2026-04-20T19:50:00.000Z,36.71605327625944
609,2026-04-20T19:51:00.000Z,45.74902359056265
610,2026-04-20T19:52:00.000Z,50.244503727840126
611,2026-04-20T19:53:00.000Z,45.105416378684836
612,2026-04-20T19:54:00.000Z,37.95982288787519
613,2026-04-20T19:55:00.000Z,42.51333725590789
614,2026-04-20T19:56:00.000Z,41.653497179071685
615,2026-04-20T19:57:00.000Z,50.639633591481584
616,2026-04-20T19:58:00.000Z,48.037825647785205
617,2026-04-20T19:59:00.000Z,65.28080867988854
618,2026-04-20T20:00:00.000Z,57.32423258327933
619,2026-04-20T20:01:00.000Z,70.49089758102352
620,2026-04-20T20:02:00.000Z,62.94499551587815
621,2026-04-20T20:03:00.000Z,62.928117202614665
622,2026-04-20T20:04:00.000Z,63.478967277480876
623,2026-04-20T20:05:00.000Z,53.77890179916321
624,2026-04-20T20:06:00.000Z,61.08813392750705
625,2026-04-20T20:07:00.000Z,49.81337132382148
626,2026-04-20T20:10:00.000Z,51.814386836031616
627,2026-04-20T20:11:00.000Z,48.304315807326695
628,2026-04-20T20:12:00.000Z,45.3595492892611
629,2026-04-20T20:13:00.000Z,46.958747415728624
630,2026-04-20T20:15:00.000Z,40.496864074799454
631,2026-04-20T20:16:00.000Z,39.860204230829446
632,2026-04-20T20:17:00.000Z,40.90537337428922
633,2026-04-20T20:18:00.000Z,36.93737245826791
634,2026-04-20T20:20:00.000Z,43.142254893322516
635,2026-04-20T20:21:00.000Z,48.80869401403367
636,2026-04-20T20:22:00.000Z,48.80869401403366
637,2026-04-20T20:23:00.000Z,55.57727689637524
638,2026-04-20T20:24:00.000Z,55.56359307337588
639,2026-04-20T20:25:00.000Z,67.81976032404495
640,2026-04-20T20:26:00.000Z,73.36213522119266
641,2026-04-20T20:27:00.000Z,70.40310085277352
642,2026-04-20T20:28:00.000Z,70.95014531965818
643,2026-04-20T20:29:00.000Z,66.25291077515499
644,2026-04-20T20:30:00.000Z,64.53742142295661
645,2026-04-20T20:31:00.000Z,61.201337774824346
646,2026-04-20T20:32:00.000Z,68.78819648167695
647,2026-04-20T20:34:00.000Z,39.90013541681534
648,2026-04-20T20:35:00.000Z,42.007714432503505
649,2026-04-20T20:37:00.000Z,43.12952557760974
650,2026-04-20T20:38:00.000Z,41.33063748498845
651,2026-04-20T20:39:00.000Z,41.33063748498845
652,2026-04-20T20:40:00.000Z,51.55902898163761
653,2026-04-20T20:43:00.000Z,61.07375309228554
654,2026-04-20T20:44:00.000Z,63.523369415736305
655,2026-04-20T20:45:00.000Z,66.64109053123993
656,2026-04-20T20:47:00.000Z,67.42417833373489
657,2026-04-20T20:49:00.000Z,65.68939049364644
658,2026-04-20T20:50:00.000Z,81.86920624077668
659,2026-04-20T20:51:00.000Z,60.26718778050305
660,2026-04-20T20:52:00.000Z,70.70430958501939
661,2026-04-20T20:53:00.000Z,70.70430958501939
662,2026-04-20T20:54:00.000Z,66.59511384187374
663,2026-04-20T20:55:00.000Z,69.45322389006311
664,2026-04-20T20:56:00.000Z,67.49634632619897
665,2026-04-20T20:57:00.000Z,59.07061217461842
666,2026-04-20T21:00:00.000Z,63.61290262073651
667,2026-04-20T21:01:00.000Z,64.17204727815367
668,2026-04-20T21:03:00.000Z,48.94247458780931
669,2026-04-20T21:04:00.000Z,51.11765424971593
670,2026-04-20T21:05:00.000Z,51.8863159660228
671,2026-04-20T21:06:00.000Z,54.311071520265436
672,2026-04-20T21:07:00.000Z,50.49399927783272
673,2026-04-20T21:08:00.000Z,51.45360217383753
674,2026-04-20T21:09:00.000Z,50.35552378006028
675,2026-04-20T21:10:00.000Z,50.35552378006028
676,2026-04-20T21:11:00.000Z,50.35552378006028
677,2026-04-20T21:16:00.000Z,51.819540598834166
678,2026-04-20T21:17:00.000Z,50.15556563348489
679,2026-04-20T21:19:00.000Z,51.89340785630507
680,2026-04-20T21:21:00.000Z,53.709098411861156
681,2026-04-20T21:22:00.000Z,55.5945943704688
682,2026-04-20T21:23:00.000Z,74.37902720698037
683,2026-04-20T21:30:00.000Z,55.39729561602771
684,2026-04-20T21:31:00.000Z,66.63839921160796
685,2026-04-20T21:33:00.000Z,67.78030866734363
686,2026-04-20T21:40:00.000Z,52.577816881007585
687,2026-04-20T21:46:00.000Z,47.831898152777455
688,2026-04-20T21:52:00.000Z,59.89465160824046
689,2026-04-20T21:54:00.000Z,49.60189744365605
690,2026-04-20T21:59:00.000Z,56.08311125873776
691,2026-04-20T22:00:00.000Z,75.6524823748043
692,2026-04-20T22:01:00.000Z,78.83542387210343
693,2026-04-20T22:02:00.000Z,75.86026885089416
694,2026-04-20T22:03:00.000Z,76.60520861215758
695,2026-04-20T22:05:00.000Z,64.63718560847329
696,2026-04-20T22:06:00.000Z,69.9234062676806
697,2026-04-20T22:07:00.000Z,67.78597524107944
698,2026-04-20T22:10:00.000Z,77.17042651266702
699,2026-04-20T22:11:00.000Z,69.62386760610279
700,2026-04-20T22:12:00.000Z,70.9702819253071
701,2026-04-20T22:15:00.000Z,72.0839178240881
702,2026-04-20T22:18:00.000Z,75.7472914812142
703,2026-04-20T22:19:00.000Z,70.54030321538916
704,2026-04-20T22:21:00.000Z,69.01537355449227
705,2026-04-20T22:23:00.000Z,69.75103092423912
706,2026-04-20T22:25:00.000Z,55.49796757755455
707,2026-04-20T22:26:00.000Z,60.76519507638172
708,2026-04-20T22:27:00.000Z,52.11431884923317
709,2026-04-20T22:29:00.000Z,51.52486937037644
710,2026-04-20T22:30:00.000Z,47.310811617870755
711,2026-04-20T22:32:00.000Z,39.95776541594282
712,2026-04-20T22:34:00.000Z,49.95753628282835
713,2026-04-20T22:39:00.000Z,58.26574388343286
714,2026-04-20T22:43:00.000Z,52.497891715397735
715,2026-04-20T22:44:00.000Z,56.82527566982291
716,2026-04-20T22:45:00.000Z,57.786671320392344
717,2026-04-20T22:49:00.000Z,55.69388970423523
718,2026-04-20T22:50:00.000Z,46.268412296775864
719,2026-04-20T22:53:00.000Z,43.50726929286291
720,2026-04-20T22:54:00.000Z,36.21354810019801
721,2026-04-20T22:55:00.000Z,32.53221787017149
722,2026-04-20T22:57:00.000Z,44.424589647009554
723,2026-04-20T22:58:00.000Z,42.986990326757365
724,2026-04-20T23:00:00.000Z,62.31176406072047
725,2026-04-20T23:01:00.000Z,52.333736095619436
726,2026-04-20T23:05:00.000Z,39.65394828143455
727,2026-04-20T23:06:00.000Z,39.884734138939464
728,2026-04-20T23:08:00.000Z,38.23950963912242
729,2026-04-20T23:09:00.000Z,35.596502701503084
730,2026-04-20T23:10:00.000Z,36.8245826469445
731,2026-04-20T23:15:00.000Z,49.75810855168445
732,2026-04-20T23:17:00.000Z,39.222717185940944
733,2026-04-20T23:19:00.000Z,39.72540322453363
734,2026-04-20T23:24:00.000Z,43.486806168882715
735,2026-04-20T23:25:00.000Z,43.055605179272206
736,2026-04-20T23:26:00.000Z,50.267630788188754
737,2026-04-20T23:31:00.000Z,41.22992859020608
738,2026-04-20T23:33:00.000Z,44.58149716598927
739,2026-04-20T23:36:00.000Z,43.65416754764813
740,2026-04-20T23:38:00.000Z,47.37936839551691
741,2026-04-20T23:39:00.000Z,44.615005289658946
742,2026-04-20T23:42:00.000Z,48.66645372683083
743,2026-04-20T23:45:00.000Z,38.60581055845541
744,2026-04-20T23:47:00.000Z,32.95795858392097
745,2026-04-20T23:49:00.000Z,30.12480958810127
746,2026-04-20T23:50:00.000Z,37.660684420674365
747,2026-04-20T23:51:00.000Z,33.5857699020048
748,2026-04-20T23:52:00.000Z,29.94115709592387
749,2026-04-20T23:53:00.000Z,29.94115709592387
750,2026-04-20T23:55:00.000Z,44.439566522022844
751,2026-04-20T23:57:00.000Z,37.113318034530906
752,2026-04-20T23:58:00.000Z,39.28707196401398
753,2026-04-20T23:59:00.000Z,48.33179446066157
754,2026-04-21T08:00:00.000Z,10.029797765592846
755,2026-04-21T08:01:00.000Z,29.988056175627932
756,2026-04-21T08:03:00.000Z,23.492879252586093
757,2026-04-21T08:04:00.000Z,22.648474447332703
758,2026-04-21T08:05:00.000Z,22.55826049777562
759,2026-04-21T08:06:00.000Z,20.762742311717844
760,2026-04-21T08:07:00.000Z,20.97716729110995
761,2026-04-21T08:10:00.000Z,22.8560105213175
762,2026-04-21T08:11:00.000Z,20.21946779704912
763,2026-04-21T08:12:00.000Z,21.781122914644783
764,2026-04-21T08:13:00.000Z,20.085605566808326
765,2026-04-21T08:16:00.000Z,28.03223022631218
766,2026-04-21T08:18:00.000Z,32.461312524477734
767,2026-04-21T08:21:00.000Z,46.25190518822575
768,2026-04-21T08:22:00.000Z,48.862330403528446
769,2026-04-21T08:24:00.000Z,46.33086988664204
770,2026-04-21T08:28:00.000Z,46.99289853046568
771,2026-04-21T08:30:00.000Z,46.3496903142155
772,2026-04-21T08:31:00.000Z,46.62365805269964
773,2026-04-21T08:32:00.000Z,45.07012766494013
774,2026-04-21T08:34:00.000Z,51.433015265781684
775,2026-04-21T08:35:00.000Z,47.871987478489274
776,2026-04-21T08:37:00.000Z,47.871987478489274
777,2026-04-21T08:40:00.000Z,48.99220428026607
778,2026-04-21T08:42:00.000Z,55.76518716291959
779,2026-04-21T08:43:00.000Z,62.288123849549415
780,2026-04-21T08:46:00.000Z,57.517232996730414
781,2026-04-21T08:48:00.000Z,55.349346355534166
782,2026-04-21T08:49:00.000Z,56.81429078182287
783,2026-04-21T08:50:00.000Z,51.578883397989124
784,2026-04-21T08:51:00.000Z,47.9627318155627
785,2026-04-21T08:52:00.000Z,45.709461300982326
786,2026-04-21T08:53:00.000Z,40.9482252889912
787,2026-04-21T08:55:00.000Z,43.93456131197262
788,2026-04-21T08:56:00.000Z,42.95698201720867
789,2026-04-21T08:57:00.000Z,40.908905946385424
790,2026-04-21T08:59:00.000Z,42.45225153486542
791,2026-04-21T09:00:00.000Z,38.49357540476376
792,2026-04-21T09:01:00.000Z,28.94894446997543
793,2026-04-21T09:02:00.000Z,40.302856825695464
794,2026-04-21T09:03:00.000Z,30.17632649231261
795,2026-04-21T09:05:00.000Z,47.22520632592045
796,2026-04-21T09:12:00.000Z,47.67437568127819
797,2026-04-21T09:17:00.000Z,41.34097714556092
798,2026-04-21T09:18:00.000Z,49.78401661812941
799,2026-04-21T09:20:00.000Z,51.52820390518156
800,2026-04-21T09:22:00.000Z,49.128555176597004
801,2026-04-21T09:23:00.000Z,49.128555176597004
802,2026-04-21T09:24:00.000Z,45.88333661966038
803,2026-04-21T09:25:00.000Z,51.31068168221959
804,2026-04-21T09:26:00.000Z,38.33510080137967
805,2026-04-21T09:27:00.000Z,38.33510080137967
806,2026-04-21T09:29:00.000Z,33.216436003425315
807,2026-04-21T09:30:00.000Z,41.34897415634645
808,2026-04-21T09:34:00.000Z,48.41581933198359
809,2026-04-21T09:36:00.000Z,46.8288943423244
810,2026-04-21T09:38:00.000Z,42.63641396744707
811,2026-04-21T09:45:00.000Z,57.58747030332205
812,2026-04-21T09:50:00.000Z,52.12856175494424
813,2026-04-21T09:53:00.000Z,61.225567533244295
814,2026-04-21T09:54:00.000Z,58.38862780015165
815,2026-04-21T09:55:00.000Z,62.31726745821307
816,2026-04-21T09:58:00.000Z,53.26522771763764
817,2026-04-21T09:59:00.000Z,41.09372721021911
818,2026-04-21T10:00:00.000Z,41.09372721021911
819,2026-04-21T10:04:00.000Z,39.14199451875055
820,2026-04-21T10:05:00.000Z,49.413135366980605
821,2026-04-21T10:06:00.000Z,51.35749163658986
822,2026-04-21T10:10:00.000Z,47.269572686968885
823,2026-04-21T10:11:00.000Z,43.88961533316663
824,2026-04-21T10:12:00.000Z,48.90759882428064
825,2026-04-21T10:14:00.000Z,44.86650187926147
826,2026-04-21T10:17:00.000Z,36.33323579213083
827,2026-04-21T10:19:00.000Z,36.33323579213083
828,2026-04-21T10:24:00.000Z,42.849612879902
829,2026-04-21T10:32:00.000Z,56.27541828923758
830,2026-04-21T10:37:00.000Z,61.37891842354672
831,2026-04-21T10:38:00.000Z,65.52817852969508
832,2026-04-21T10:39:00.000Z,62.11564394120019
833,2026-04-21T10:41:00.000Z,60.006289735200966
834,2026-04-21T10:42:00.000Z,50.92692826556668
835,2026-04-21T10:43:00.000Z,51.51641997212874
836,2026-04-21T10:44:00.000Z,51.51641997212874
837,2026-04-21T10:47:00.000Z,61.93366861035552
838,2026-04-21T10:53:00.000Z,67.2165856997058
839,2026-04-21T10:55:00.000Z,70.99090184405216
840,2026-04-21T10:56:00.000Z,72.07591936964293
841,2026-04-21T10:57:00.000Z,60.96050403963155
842,2026-04-21T10:58:00.000Z,59.375672123371764
843,2026-04-21T10:59:00.000Z,64.10052022382709
844,2026-04-21T11:00:00.000Z,63.85913645457321
845,2026-04-21T11:01:00.000Z,66.63198549673191
846,2026-04-21T11:02:00.000Z,56.302734757450175
847,2026-04-21T11:03:00.000Z,44.77666946479675
848,2026-04-21T11:04:00.000Z,48.48427837526531
849,2026-04-21T11:05:00.000Z,50.71767710308687
850,2026-04-21T11:07:00.000Z,50.71767710308687
851,2026-04-21T11:08:00.000Z,35.69991342809365
852,2026-04-21T11:09:00.000Z,20.705563208274683
853,2026-04-21T11:10:00.000Z,30.550310508178868
854,2026-04-21T11:11:00.000Z,29.01054744439054
855,2026-04-21T11:12:00.000Z,26.079070472546135
856,2026-04-21T11:13:00.000Z,27.53704743944124
857,2026-04-21T11:14:00.000Z,30.616150009793785
858,2026-04-21T11:15:00.000Z,30.616150009793785
859,2026-04-21T11:16:00.000Z,45.3194829725469
860,2026-04-21T11:17:00.000Z,41.374022823654414
861,2026-04-21T11:18:00.000Z,38.542826045924706
862,2026-04-21T11:20:00.000Z,49.5474586115378
863,2026-04-21T11:21:00.000Z,55.828478476047174
864,2026-04-21T11:23:00.000Z,45.69534129119731
865,2026-04-21T11:24:00.000Z,42.92730412271741
866,2026-04-21T11:25:00.000Z,43.568254996636554
867,2026-04-21T11:26:00.000Z,36.62695313925771
868,2026-04-21T11:28:00.000Z,52.93572895878834
869,2026-04-21T11:29:00.000Z,50.90302162470986
870,2026-04-21T11:30:00.000Z,61.34086221066237
871,2026-04-21T11:31:00.000Z,68.80241747067242
872,2026-04-21T11:32:00.000Z,69.84988058284884
873,2026-04-21T11:33:00.000Z,71.31270975877763
874,2026-04-21T11:34:00.000Z,55.84577580496726
875,2026-04-21T11:35:00.000Z,60.10862087223676
876,2026-04-21T11:36:00.000Z,65.15478830571445
877,2026-04-21T11:37:00.000Z,65.46198218225928
878,2026-04-21T11:39:00.000Z,60.097578494840505
879,2026-04-21T11:40:00.000Z,70.17824854336554
880,2026-04-21T11:41:00.000Z,65.67581540782734
881,2026-04-21T11:42:00.000Z,71.4381729496206
882,2026-04-21T11:43:00.000Z,71.26275135126856
883,2026-04-21T11:45:00.000Z,66.80790102935174
884,2026-04-21T11:46:00.000Z,67.77904729730068
885,2026-04-21T11:47:00.000Z,71.80117261534672
886,2026-04-21T11:48:00.000Z,72.39752695063696
887,2026-04-21T11:50:00.000Z,75.33199802540409
888,2026-04-21T11:51:00.000Z,68.01121700146217
889,2026-04-21T11:52:00.000Z,68.39513797830024
890,2026-04-21T11:53:00.000Z,58.85865522064201
891,2026-04-21T11:54:00.000Z,57.35908608563352
892,2026-04-21T11:55:00.000Z,56.55667349131021
893,2026-04-21T11:56:00.000Z,64.91681281122094
894,2026-04-21T11:57:00.000Z,65.07318589425813
895,2026-04-21T11:58:00.000Z,63.5618273833571
896,2026-04-21T11:59:00.000Z,52.09013693565636
897,2026-04-21T12:00:00.000Z,62.79135543488083
898,2026-04-21T12:01:00.000Z,51.689884535698596
899,2026-04-21T12:02:00.000Z,54.69368237076637
900,2026-04-21T12:03:00.000Z,53.9390791226519
901,2026-04-21T12:04:00.000Z,53.40853117750135
902,2026-04-21T12:05:00.000Z,44.640517652786905
903,2026-04-21T12:06:00.000Z,44.640517652786905
904,2026-04-21T12:07:00.000Z,45.63486419420293
905,2026-04-21T12:08:00.000Z,37.684885448133876
906,2026-04-21T12:09:00.000Z,59.86560909568417
907,2026-04-21T12:10:00.000Z,54.661169313435586
908,2026-04-21T12:11:00.000Z,45.71843279796975
909,2026-04-21T12:12:00.000Z,40.88134780100096
910,2026-04-21T12:13:00.000Z,53.247559547727434
911,2026-04-21T12:14:00.000Z,40.052248903607584
912,2026-04-21T12:15:00.000Z,34.84773454620753
913,2026-04-21T12:17:00.000Z,37.87500311797818
914,2026-04-21T12:18:00.000Z,30.782235974227987
915,2026-04-21T12:19:00.000Z,24.525240902221185
916,2026-04-21T12:20:00.000Z,18.710784168673356
917,2026-04-21T12:21:00.000Z,24.27901323433099
918,2026-04-21T12:22:00.000Z,35.2554759118063
919,2026-04-21T12:23:00.000Z,33.51635109288527
920,2026-04-21T12:24:00.000Z,29.787501537933323
921,2026-04-21T12:25:00.000Z,29.745061486750757
922,2026-04-21T12:26:00.000Z,34.40070112985262
923,2026-04-21T12:27:00.000Z,32.50350807219371
924,2026-04-21T12:28:00.000Z,32.12342288732842
925,2026-04-21T12:29:00.000Z,29.948253247705523
926,2026-04-21T12:30:00.000Z,19.240219512413816
927,2026-04-21T12:31:00.000Z,18.995081087359452
928,2026-04-21T12:32:00.000Z,47.87894108690798
929,2026-04-21T12:34:00.000Z,58.05293760436933
930,2026-04-21T12:35:00.000Z,59.53398864399573
931,2026-04-21T12:36:00.000Z,63.84261881462927
932,2026-04-21T12:37:00.000Z,60.61558776436612
933,2026-04-21T12:38:00.000Z,44.57640686149807
934,2026-04-21T12:39:00.000Z,44.777748706560075
935,2026-04-21T12:40:00.000Z,36.189808932289615
936,2026-04-21T12:41:00.000Z,44.79273751709307
937,2026-04-21T12:42:00.000Z,45.42942161032646
938,2026-04-21T12:43:00.000Z,42.148375033398224
939,2026-04-21T12:44:00.000Z,37.12146036509971
940,2026-04-21T12:45:00.000Z,40.324268636874024
941,2026-04-21T12:46:00.000Z,46.70006163322109
942,2026-04-21T12:47:00.000Z,50.70890782629364
943,2026-04-21T12:48:00.000Z,44.685944569631936
944,2026-04-21T12:49:00.000Z,38.168992756221606
945,2026-04-21T12:50:00.000Z,39.03871852385304
946,2026-04-21T12:51:00.000Z,48.07691382339957
947,2026-04-21T12:52:00.000Z,52.07381168540256
948,2026-04-21T12:53:00.000Z,46.90415458235272
949,2026-04-21T12:54:00.000Z,45.55585931803054
950,2026-04-21T12:55:00.000Z,48.98440280581665
951,2026-04-21T12:56:00.000Z,44.48774595858546
952,2026-04-21T12:57:00.000Z,35.491193206920656
953,2026-04-21T12:58:00.000Z,39.56502260611331
954,2026-04-21T12:59:00.000Z,42.37942778241926
955,2026-04-21T13:00:00.000Z,56.31841659458237
956,2026-04-21T13:01:00.000Z,49.109281690973624
957,2026-04-21T13:02:00.000Z,57.311561266280236
958,2026-04-21T13:03:00.000Z,57.61755220653767
959,2026-04-21T13:04:00.000Z,47.28951499570209
960,2026-04-21T13:06:00.000Z,32.072880449595104
961,2026-04-21T13:07:00.000Z,32.69029544750563
962,2026-04-21T13:08:00.000Z,27.098334345639955
963,2026-04-21T13:09:00.000Z,25.284553101811753
964,2026-04-21T13:10:00.000Z,30.89019784307476
965,2026-04-21T13:11:00.000Z,31.806733873893776
966,2026-04-21T13:12:00.000Z,27.322612819374456
967,2026-04-21T13:13:00.000Z,31.285627375704195
968,2026-04-21T13:14:00.000Z,26.08502647198206
969,2026-04-21T13:15:00.000Z,41.95098413714207
970,2026-04-21T13:16:00.000Z,40.164326578743875
971,2026-04-21T13:17:00.000Z,46.40108046611758
972,2026-04-21T13:18:00.000Z,45.7696728326635
973,2026-04-21T13:19:00.000Z,43.11006282191199
974,2026-04-21T13:20:00.000Z,45.352788494225024
975,2026-04-21T13:21:00.000Z,46.294230655676586
976,2026-04-21T13:22:00.000Z,48.29830104140437
977,2026-04-21T13:23:00.000Z,53.209036582721524
978,2026-04-21T13:24:00.000Z,46.28495555889229
979,2026-04-21T13:25:00.000Z,52.27375470116236
980,2026-04-21T13:26:00.000Z,55.527647410640505
981,2026-04-21T13:27:00.000Z,57.39497806536968
982,2026-04-21T13:28:00.000Z,62.293175618884895
983,2026-04-21T13:29:00.000Z,65.53509638551554
984,2026-04-21T13:30:00.000Z,74.48225695451725
985,2026-04-21T13:31:00.000Z,79.61463905142351
986,2026-04-21T13:32:00.000Z,62.83645923684742
987,2026-04-21T13:33:00.000Z,63.56910891685773
988,2026-04-21T13:34:00.000Z,55.673861912949434
989,2026-04-21T13:35:00.000Z,42.78450526738326
990,2026-04-21T13:36:00.000Z,49.46115379728848
991,2026-04-21T13:37:00.000Z,50.844298100084174
992,2026-04-21T13:38:00.000Z,62.82230423039614
993,2026-04-21T13:39:00.000Z,72.72778716643703
994,2026-04-21T13:40:00.000Z,79.64882983995447
995,2026-04-21T13:41:00.000Z,69.40541307181068
996,2026-04-21T13:42:00.000Z,69.62146794177507
997,2026-04-21T13:43:00.000Z,71.71968564022029
998,2026-04-21T13:44:00.000Z,70.16191417340802
999,2026-04-21T13:45:00.000Z,63.21241839802632
1000,2026-04-21T13:46:00.000Z,69.60909547463858
1001,2026-04-21T13:47:00.000Z,66.54561080859254
1002,2026-04-21T13:48:00.000Z,64.16354016069583
1003,2026-04-21T13:49:00.000Z,62.48640847389044
1004,2026-04-21T13:50:00.000Z,64.07163957164126
1005,2026-04-21T13:51:00.000Z,64.63199837448039
1006,2026-04-21T13:52:00.000Z,71.5679681845082
1007,2026-04-21T13:53:00.000Z,68.94168569235723
1008,2026-04-21T13:54:00.000Z,55.94936270440658
1009,2026-04-21T13:55:00.000Z,50.408874209164686
1010,2026-04-21T13:56:00.000Z,44.714977669153484
1011,2026-04-21T13:57:00.000Z,37.55648819866792
1012,2026-04-21T13:58:00.000Z,33.08716542098719
1013,2026-04-21T13:59:00.000Z,27.8994875837097
1014,2026-04-21T14:00:00.000Z,25.229289758023427
1015,2026-04-21T14:01:00.000Z,32.93198292083777
1016,2026-04-21T14:02:00.000Z,32.00445561561732
1017,2026-04-21T14:03:00.000Z,30.097985591957368
1018,2026-04-21T14:04:00.000Z,44.138478651796284
1019,2026-04-21T14:05:00.000Z,47.868792122583706
1020,2026-04-21T14:06:00.000Z,45.18868324975992
1021,2026-04-21T14:07:00.000Z,43.71998943394328
1022,2026-04-21T14:08:00.000Z,46.1798420294827
1023,2026-04-21T14:09:00.000Z,44.43203443804073
1024,2026-04-21T14:10:00.000Z,35.39034430998521
1025,2026-04-21T14:11:00.000Z,43.94562286012637
1026,2026-04-21T14:12:00.000Z,41.01684943943329
1027,2026-04-21T14:13:00.000Z,38.98549717573135
1028,2026-04-21T14:14:00.000Z,39.92738619394713
1029,2026-04-21T14:15:00.000Z,38.804585904118476
1030,2026-04-21T14:16:00.000Z,46.87412985745876
1031,2026-04-21T14:17:00.000Z,40.818363012475004
1032,2026-04-21T14:18:00.000Z,44.19768390005697
1033,2026-04-21T14:19:00.000Z,43.09085370489176
1034,2026-04-21T14:20:00.000Z,28.323425775498592
1035,2026-04-21T14:21:00.000Z,33.8378829778009
1036,2026-04-21T14:22:00.000Z,33.47569209507144
1037,2026-04-21T14:23:00.000Z,26.464061240141874
1038,2026-04-21T14:24:00.000Z,25.6401854572228
1039,2026-04-21T14:25:00.000Z,23.961744041184033
1040,2026-04-21T14:26:00.000Z,24.883832801824255
1041,2026-04-21T14:27:00.000Z,35.44963276262621
1042,2026-04-21T14:28:00.000Z,33.67353506126429
1043,2026-04-21T14:29:00.000Z,44.60321775365064
1044,2026-04-21T14:30:00.000Z,37.627639706618716
1045,2026-04-21T14:31:00.000Z,32.34363595372538
1046,2026-04-21T14:32:00.000Z,30.14557310582272
1047,2026-04-21T14:33:00.000Z,20.137948422450933
1048,2026-04-21T14:34:00.000Z,28.979341670230397
1049,2026-04-21T14:35:00.000Z,28.434501515158743
1050,2026-04-21T14:36:00.000Z,21.414067272227484
1051,2026-04-21T14:37:00.000Z,26.281375658826093
1052,2026-04-21T14:38:00.000Z,28.070896257626714
1053,2026-04-21T14:39:00.000Z,20.590697094295095
1054,2026-04-21T14:40:00.000Z,13.44872189250242
1055,2026-04-21T14:41:00.000Z,25.620177664272703
1056,2026-04-21T14:42:00.000Z,26.9535709498723
1057,2026-04-21T14:43:00.000Z,22.059742203618782
1058,2026-04-21T14:44:00.000Z,14.454786866600955
1059,2026-04-21T14:45:00.000Z,14.259602148031234
1060,2026-04-21T14:46:00.000Z,9.026071863363043
1061,2026-04-21T14:47:00.000Z,8.266010685603405
1062,2026-04-21T14:48:00.000Z,16.487939843835733
1063,2026-04-21T14:49:00.000Z,14.286408485853158
1064,2026-04-21T14:50:00.000Z,13.750832590818717
1065,2026-04-21T14:51:00.000Z,22.887261238661395
1066,2026-04-21T14:52:00.000Z,31.957568540397006
1067,2026-04-21T14:53:00.000Z,39.48068798698367
1068,2026-04-21T14:54:00.000Z,43.87253204534883
1069,2026-04-21T14:55:00.000Z,39.49132341733695
1070,2026-04-21T14:56:00.000Z,50.2482136678681
1071,2026-04-21T14:57:00.000Z,43.582745990158585
1072,2026-04-21T14:58:00.000Z,44.433243321069234
1073,2026-04-21T14:59:00.000Z,48.16908305651081
1074,2026-04-21T15:00:00.000Z,38.837907451896804
1075,2026-04-21T15:01:00.000Z,36.621115047767034
1076,2026-04-21T15:02:00.000Z,43.187659803966014
1077,2026-04-21T15:03:00.000Z,42.818156711948056
1078,2026-04-21T15:04:00.000Z,42.00885005488637
1079,2026-04-21T15:05:00.000Z,36.06679049839026
1080,2026-04-21T15:06:00.000Z,35.34111186279729
1081,2026-04-21T15:07:00.000Z,53.68674536520743
1082,2026-04-21T15:08:00.000Z,46.85042403792289
1083,2026-04-21T15:09:00.000Z,56.808295886515104
1084,2026-04-21T15:10:00.000Z,65.03646782051989
1085,2026-04-21T15:11:00.000Z,64.79473140430612
1086,2026-04-21T15:12:00.000Z,66.47524832813477
1087,2026-04-21T15:13:00.000Z,66.47524832813477
1088,2026-04-21T15:14:00.000Z,67.13721155870705
1089,2026-04-21T15:15:00.000Z,64.1959577810273
1090,2026-04-21T15:16:00.000Z,67.71524257530064
1091,2026-04-21T15:17:00.000Z,59.751287386430526
1092,2026-04-21T15:18:00.000Z,68.43621267128921
1093,2026-04-21T15:19:00.000Z,73.04832414991118
1094,2026-04-21T15:20:00.000Z,73.84824866928204
1095,2026-04-21T15:21:00.000Z,72.366289164035
1096,2026-04-21T15:22:00.000Z,63.30944508313429
1097,2026-04-21T15:23:00.000Z,54.43642085615119
1098,2026-04-21T15:24:00.000Z,54.700965235495055
1099,2026-04-21T15:25:00.000Z,46.833097101069775
1100,2026-04-21T15:26:00.000Z,38.32613086903323
1101,2026-04-21T15:27:00.000Z,42.428270173938095
1102,2026-04-21T15:28:00.000Z,37.360299941780504
1103,2026-04-21T15:29:00.000Z,36.481007707702595
1104,2026-04-21T15:30:00.000Z,38.1194441970533
1105,2026-04-21T15:31:00.000Z,39.004770611507055
1106,2026-04-21T15:32:00.000Z,43.96325967993032
1107,2026-04-21T15:33:00.000Z,38.518973739384506
1108,2026-04-21T15:34:00.000Z,44.43882353842431
1109,2026-04-21T15:35:00.000Z,35.790207953316525
1110,2026-04-21T15:36:00.000Z,32.81742869173641
1111,2026-04-21T15:37:00.000Z,45.194054145348176
1112,2026-04-21T15:38:00.000Z,40.8183499816403
1113,2026-04-21T15:39:00.000Z,48.630049794408286
1114,2026-04-21T15:40:00.000Z,46.037842169358946
1115,2026-04-21T15:41:00.000Z,39.224204034992546
1116,2026-04-21T15:42:00.000Z,51.22802123843247
1117,2026-04-21T15:43:00.000Z,56.86644934862809
1118,2026-04-21T15:44:00.000Z,55.77835796640549
1119,2026-04-21T15:45:00.000Z,58.46086276439148
1120,2026-04-21T15:46:00.000Z,56.94948339782693
1121,2026-04-21T15:47:00.000Z,62.14049103407264
1122,2026-04-21T15:48:00.000Z,61.13580838312103
1123,2026-04-21T15:49:00.000Z,57.96524174781445
1124,2026-04-21T15:50:00.000Z,45.93253805266025
1125,2026-04-21T15:51:00.000Z,49.020277967764706
1126,2026-04-21T15:52:00.000Z,40.1714131181488
1127,2026-04-21T15:53:00.000Z,36.190599765771864
1128,2026-04-21T15:54:00.000Z,37.529635822042835
1129,2026-04-21T15:55:00.000Z,36.32851340097022
1130,2026-04-21T15:56:00.000Z,36.006386916951676
1131,2026-04-21T15:57:00.000Z,38.04479948703048
1132,2026-04-21T15:58:00.000Z,40.9942647997572
1133,2026-04-21T15:59:00.000Z,42.54008881757788
1134,2026-04-21T16:00:00.000Z,55.05501955419699
1135,2026-04-21T16:01:00.000Z,47.14667660373667
1136,2026-04-21T16:02:00.000Z,59.67804323823108
1137,2026-04-21T16:03:00.000Z,52.164213671684
1138,2026-04-21T16:04:00.000Z,40.98436330153337
1139,2026-04-21T16:05:00.000Z,43.34882415848397
1140,2026-04-21T16:06:00.000Z,39.948343689864764
1141,2026-04-21T16:07:00.000Z,40.257719798725255
1142,2026-04-21T16:08:00.000Z,37.430490256462164
1143,2026-04-21T16:09:00.000Z,25.819539678697282
1144,2026-04-21T16:10:00.000Z,21.636022641769785
1145,2026-04-21T16:11:00.000Z,17.63696382468366
1146,2026-04-21T16:12:00.000Z,27.399330656363915
1147,2026-04-21T16:13:00.000Z,23.586569432841202
1148,2026-04-21T16:14:00.000Z,24.24536694989189
1149,2026-04-21T16:15:00.000Z,23.861915398063033
1150,2026-04-21T16:16:00.000Z,32.20690119481411
1151,2026-04-21T16:17:00.000Z,44.559576866305434
1152,2026-04-21T16:18:00.000Z,42.659131173732455
1153,2026-04-21T16:19:00.000Z,38.92289275770924
1154,2026-04-21T16:20:00.000Z,31.988878307528353
1155,2026-04-21T16:21:00.000Z,37.66710005078911
1156,2026-04-21T16:22:00.000Z,40.463124573541386
1157,2026-04-21T16:23:00.000Z,34.52249210875925
1158,2026-04-21T16:24:00.000Z,40.33162948492394
1159,2026-04-21T16:25:00.000Z,29.709640198003413
1160,2026-04-21T16:26:00.000Z,31.39782196158879
1161,2026-04-21T16:27:00.000Z,27.218862795334942
1162,2026-04-21T16:28:00.000Z,26.98107639078728
1163,2026-04-21T16:29:00.000Z,19.786074283009185
1164,2026-04-21T16:30:00.000Z,19.470336964895907
1165,2026-04-21T16:31:00.000Z,30.13181017970666
1166,2026-04-21T16:32:00.000Z,44.639628638785105
1167,2026-04-21T16:33:00.000Z,36.41698355723109
1168,2026-04-21T16:34:00.000Z,42.403446365055224
1169,2026-04-21T16:35:00.000Z,50.841133663970716
1170,2026-04-21T16:36:00.000Z,42.00363905788747
1171,2026-04-21T16:37:00.000Z,35.71703900517052
1172,2026-04-21T16:38:00.000Z,36.897553649695645
1173,2026-04-21T16:39:00.000Z,46.480371100783586
1174,2026-04-21T16:40:00.000Z,47.85124156887431
1175,2026-04-21T16:41:00.000Z,48.0381520773006
1176,2026-04-21T16:42:00.000Z,45.12344466745802
1177,2026-04-21T16:43:00.000Z,45.58771207378257
1178,2026-04-21T16:44:00.000Z,36.967466346550815
1179,2026-04-21T16:45:00.000Z,44.656597344634065
1180,2026-04-21T16:46:00.000Z,39.267946812005725
1181,2026-04-21T16:47:00.000Z,34.57426996941591
1182,2026-04-21T16:48:00.000Z,41.461633021159386
1183,2026-04-21T16:49:00.000Z,45.60302328757053
1184,2026-04-21T16:50:00.000Z,37.61881404102483
1185,2026-04-21T16:51:00.000Z,28.85640528732789
1186,2026-04-21T16:52:00.000Z,27.86951555437834
1187,2026-04-21T16:53:00.000Z,21.956248122480503
1188,2026-04-21T16:54:00.000Z,20.16805721728676
1189,2026-04-21T16:55:00.000Z,33.32532352430074
1190,2026-04-21T16:56:00.000Z,29.95314189239707
1191,2026-04-21T16:57:00.000Z,30.41949765949991
1192,2026-04-21T16:58:00.000Z,29.5654494599475
1193,2026-04-21T16:59:00.000Z,32.788348464485765
1194,2026-04-21T17:00:00.000Z,44.084135528750195
1195,2026-04-21T17:01:00.000Z,56.29831638417577
1196,2026-04-21T17:02:00.000Z,54.90909945283767
1197,2026-04-21T17:03:00.000Z,50.688564082947394
1198,2026-04-21T17:04:00.000Z,43.82967552767349
1199,2026-04-21T17:05:00.000Z,34.66424578320043
1200,2026-04-21T17:06:00.000Z,36.476107550121036
1201,2026-04-21T17:07:00.000Z,35.64232581230465
1202,2026-04-21T17:08:00.000Z,36.72708130552523
1203,2026-04-21T17:09:00.000Z,35.064930134543005
1204,2026-04-21T17:10:00.000Z,31.53290862965106
1205,2026-04-21T17:11:00.000Z,24.164421723619355
1206,2026-04-21T17:12:00.000Z,23.660105415648786
1207,2026-04-21T17:13:00.000Z,22.662435269702428
1208,2026-04-21T17:14:00.000Z,31.025269335681756
1209,2026-04-21T17:15:00.000Z,33.146510360666824
1210,2026-04-21T17:16:00.000Z,41.86227456282522
1211,2026-04-21T17:17:00.000Z,38.797901097427754
1212,2026-04-21T17:18:00.000Z,25.17436778217325
1213,2026-04-21T17:19:00.000Z,23.940624533810364
1214,2026-04-21T17:20:00.000Z,23.145635910798305
1215,2026-04-21T17:21:00.000Z,33.59057217882233
1216,2026-04-21T17:22:00.000Z,37.81883914067599
1217,2026-04-21T17:23:00.000Z,43.59096526305886
1218,2026-04-21T17:24:00.000Z,39.46916066174924
1219,2026-04-21T17:25:00.000Z,43.66410924162435
1220,2026-04-21T17:26:00.000Z,30.92132670483896
1221,2026-04-21T17:27:00.000Z,29.734036593887396
1222,2026-04-21T17:28:00.000Z,32.643614738930935
1223,2026-04-21T17:29:00.000Z,36.58260304663857
1224,2026-04-21T17:30:00.000Z,30.413394085498652
1225,2026-04-21T17:31:00.000Z,46.99300491538186
1226,2026-04-21T17:32:00.000Z,58.34215655677899
1227,2026-04-21T17:33:00.000Z,58.97927600028456
1228,2026-04-21T17:34:00.000Z,60.01287151153531
1229,2026-04-21T17:35:00.000Z,62.15617306432071
1230,2026-04-21T17:36:00.000Z,55.967811712381064
1231,2026-04-21T17:37:00.000Z,55.9679758803951
1232,2026-04-21T17:38:00.000Z,68.3088730612747
1233,2026-04-21T17:39:00.000Z,69.71374160012991
1234,2026-04-21T17:40:00.000Z,67.03931707199418
1235,2026-04-21T17:41:00.000Z,71.89060165793947
1236,2026-04-21T17:42:00.000Z,81.72508868798727
1237,2026-04-21T17:43:00.000Z,85.46556159578486
1238,2026-04-21T17:44:00.000Z,75.54023962278734
1239,2026-04-21T17:45:00.000Z,62.63360391230328
1240,2026-04-21T17:46:00.000Z,62.24343067592715
1241,2026-04-21T17:47:00.000Z,58.12044550659528
1242,2026-04-21T17:48:00.000Z,59.08668098520096
1243,2026-04-21T17:49:00.000Z,53.41298927744484
1244,2026-04-21T17:50:00.000Z,50.49829846449565
1245,2026-04-21T17:51:00.000Z,48.58144559382269
1246,2026-04-21T17:52:00.000Z,46.59097901712438
1247,2026-04-21T17:53:00.000Z,43.058434161893814
1248,2026-04-21T17:54:00.000Z,34.890223238595894
1249,2026-04-21T17:55:00.000Z,33.58601072563641
1250,2026-04-21T17:56:00.000Z,36.053618045847315
1251,2026-04-21T17:57:00.000Z,49.92881584668278
1252,2026-04-21T17:58:00.000Z,48.94264945307102
1253,2026-04-21T17:59:00.000Z,56.82145775852619
1254,2026-04-21T18:00:00.000Z,64.17316272173004
1255,2026-04-21T18:01:00.000Z,66.47827225159236
1256,2026-04-21T18:02:00.000Z,61.99146680817898
1257,2026-04-21T18:03:00.000Z,53.566975325422376
1258,2026-04-21T18:04:00.000Z,48.22722001636813
1259,2026-04-21T18:05:00.000Z,45.78282611897765
1260,2026-04-21T18:06:00.000Z,46.99137169725074
1261,2026-04-21T18:07:00.000Z,43.197445653083086
1262,2026-04-21T18:08:00.000Z,42.645306129374404
1263,2026-04-21T18:09:00.000Z,39.77880556410335
1264,2026-04-21T18:10:00.000Z,27.0834637450791
1265,2026-04-21T18:11:00.000Z,29.531368627047826
1266,2026-04-21T18:12:00.000Z,26.525349309259795
1267,2026-04-21T18:13:00.000Z,26.99019099163138
1268,2026-04-21T18:14:00.000Z,25.36649380441402
1269,2026-04-21T18:15:00.000Z,19.728543984662025
1270,2026-04-21T18:16:00.000Z,14.416860304718284
1271,2026-04-21T18:17:00.000Z,12.17737756569494
1272,2026-04-21T18:18:00.000Z,12.033917613632369
1273,2026-04-21T18:19:00.000Z,10.707334685563637
1274,2026-04-21T18:20:00.000Z,12.704637011153594
1275,2026-04-21T18:21:00.000Z,16.184705285236262
1276,2026-04-21T18:22:00.000Z,11.575374752990086
1277,2026-04-21T18:23:00.000Z,15.28097771767456
1278,2026-04-21T18:24:00.000Z,25.00510762449035
1279,2026-04-21T18:25:00.000Z,22.858232155505462
1280,2026-04-21T18:26:00.000Z,21.312354538871574
1281,2026-04-21T18:27:00.000Z,19.809769700823324
1282,2026-04-21T18:28:00.000Z,31.585347024233513
1283,2026-04-21T18:29:00.000Z,44.891243259619564
1284,2026-04-21T18:30:00.000Z,52.542007456175554
1285,2026-04-21T18:31:00.000Z,63.213235696310925
1286,2026-04-21T18:32:00.000Z,64.59120971046306
1287,2026-04-21T18:33:00.000Z,66.02302397294076
1288,2026-04-21T18:34:00.000Z,67.85113980568121
1289,2026-04-21T18:35:00.000Z,68.97780601241283
1290,2026-04-21T18:36:00.000Z,70.1546317649578
1291,2026-04-21T18:37:00.000Z,58.50338545442122
1292,2026-04-21T18:38:00.000Z,61.05520860600391
1293,2026-04-21T18:39:00.000Z,55.639059775762284
1294,2026-04-21T18:40:00.000Z,53.32829781426964
1295,2026-04-21T18:41:00.000Z,50.947690337157624
1296,2026-04-21T18:42:00.000Z,48.519242025206864
1297,2026-04-21T18:43:00.000Z,47.655503086245865
1298,2026-04-21T18:44:00.000Z,64.99717537048696
1299,2026-04-21T18:45:00.000Z,60.48834823274475
1300,2026-04-21T18:46:00.000Z,67.57390934455427
1301,2026-04-21T18:47:00.000Z,59.06277582962965
1302,2026-04-21T18:48:00.000Z,56.653317136312154
1303,2026-04-21T18:49:00.000Z,54.16860474883758
1304,2026-04-21T18:50:00.000Z,49.30411864267881
1305,2026-04-21T18:51:00.000Z,44.10452950740787
1306,2026-04-21T18:52:00.000Z,37.98793607514872
1307,2026-04-21T18:53:00.000Z,36.48974841584723
1308,2026-04-21T18:54:00.000Z,75.54720806139085
1309,2026-04-21T18:55:00.000Z,62.56176744260675
1310,2026-04-21T18:56:00.000Z,57.993734678764945
1311,2026-04-21T18:57:00.000Z,65.0427584854672
1312,2026-04-21T18:58:00.000Z,62.845925745584786
1313,2026-04-21T18:59:00.000Z,65.95120502409199
1314,2026-04-21T19:00:00.000Z,63.46537402322818
1315,2026-04-21T19:01:00.000Z,61.888794707523445
1316,2026-04-21T19:02:00.000Z,65.86072434003316
1317,2026-04-21T19:03:00.000Z,66.1777763623856
1318,2026-04-21T19:04:00.000Z,66.69664498702866
1319,2026-04-21T19:05:00.000Z,69.52322258883012
1320,2026-04-21T19:06:00.000Z,59.58068805492679
1321,2026-04-21T19:07:00.000Z,64.47942870030859
1322,2026-04-21T19:08:00.000Z,63.75447029216947
1323,2026-04-21T19:09:00.000Z,59.26037662285027
1324,2026-04-21T19:10:00.000Z,50.565687398190384
1325,2026-04-21T19:11:00.000Z,63.14794670245157
1326,2026-04-21T19:12:00.000Z,63.18739452681913
1327,2026-04-21T19:13:00.000Z,58.963586788234636
1328,2026-04-21T19:14:00.000Z,42.06193223262248
1329,2026-04-21T19:15:00.000Z,45.87738917813309
1330,2026-04-21T19:16:00.000Z,53.717993846661976
1331,2026-04-21T19:17:00.000Z,45.39552042712502
1332,2026-04-21T19:18:00.000Z,44.95964205998138
1333,2026-04-21T19:19:00.000Z,41.38796030854842
1334,2026-04-21T19:20:00.000Z,39.198669749108745
1335,2026-04-21T19:21:00.000Z,56.53324384702201
1336,2026-04-21T19:22:00.000Z,61.17943509011637
1337,2026-04-21T19:23:00.000Z,64.74100585995315
1338,2026-04-21T19:24:00.000Z,70.4123722850068
1339,2026-04-21T19:25:00.000Z,70.68441324036206
1340,2026-04-21T19:26:00.000Z,64.058393697235
1341,2026-04-21T19:27:00.000Z,51.99486521001925
1342,2026-04-21T19:28:00.000Z,59.41978891958321
1343,2026-04-21T19:29:00.000Z,62.97968372622128
1344,2026-04-21T19:30:00.000Z,58.83248858230578
1345,2026-04-21T19:31:00.000Z,58.83248858230578
1346,2026-04-21T19:32:00.000Z,62.23154478771554
1347,2026-04-21T19:33:00.000Z,50.57357357358846
1348,2026-04-21T19:34:00.000Z,45.342979041282284
1349,2026-04-21T19:35:00.000Z,31.512496502884588
1350,2026-04-21T19:36:00.000Z,28.775617729841457
1351,2026-04-21T19:37:00.000Z,25.71748474669762
1352,2026-04-21T19:38:00.000Z,20.89840004829449
1353,2026-04-21T19:39:00.000Z,22.11386094769641
1354,2026-04-21T19:40:00.000Z,19.649777817431556
1355,2026-04-21T19:41:00.000Z,11.52715196254917
1356,2026-04-21T19:42:00.000Z,7.1319969658457865
1357,2026-04-21T19:43:00.000Z,6.112399430096602
1358,2026-04-21T19:44:00.000Z,5.617624471872432
1359,2026-04-21T19:45:00.000Z,23.73506436358211
1360,2026-04-21T19:46:00.000Z,20.879390477141527
1361,2026-04-21T19:47:00.000Z,32.84033901399182
1362,2026-04-21T19:48:00.000Z,36.917175093299974
1363,2026-04-21T19:49:00.000Z,37.81127351999832
1364,2026-04-21T19:50:00.000Z,36.50172199358383
1365,2026-04-21T19:51:00.000Z,32.55523244040174
1366,2026-04-21T19:52:00.000Z,31.330567623576542
1367,2026-04-21T19:53:00.000Z,34.708453639402634
1368,2026-04-21T19:54:00.000Z,37.853351994895064
1369,2026-04-21T19:55:00.000Z,46.73148154422822
1370,2026-04-21T19:56:00.000Z,42.13525999386943
1371,2026-04-21T19:57:00.000Z,38.671377168810544
1372,2026-04-21T19:58:00.000Z,37.64731774315228
1373,2026-04-21T19:59:00.000Z,43.074163095180765
1374,2026-04-21T20:00:00.000Z,38.80019515484051
1375,2026-04-21T20:01:00.000Z,38.561060017876834
1376,2026-04-21T20:02:00.000Z,33.65994689241829
1377,2026-04-21T20:03:00.000Z,46.13085292885152
1378,2026-04-21T20:04:00.000Z,43.17666845381255
1379,2026-04-21T20:05:00.000Z,39.550209331490244
1380,2026-04-21T20:06:00.000Z,31.308984941421585
1381,2026-04-21T20:07:00.000Z,27.65232033468388
1382,2026-04-21T20:08:00.000Z,27.3259198700884
1383,2026-04-21T20:09:00.000Z,52.74175269836895
1384,2026-04-21T20:10:00.000Z,72.11227760684957
1385,2026-04-21T20:11:00.000Z,75.63592639186214
1386,2026-04-21T20:12:00.000Z,69.70430359987151
1387,2026-04-21T20:13:00.000Z,67.70214460458436
1388,2026-04-21T20:14:00.000Z,69.37566241621556
1389,2026-04-21T20:15:00.000Z,68.2722166869643
1390,2026-04-21T20:16:00.000Z,78.4261537122636
1391,2026-04-21T20:17:00.000Z,74.78746942193052
1392,2026-04-21T20:18:00.000Z,62.77356422430573
1393,2026-04-21T20:19:00.000Z,63.25649597220376
1394,2026-04-21T20:20:00.000Z,66.99013457884482
1395,2026-04-21T20:21:00.000Z,66.99013457884482
1396,2026-04-21T20:22:00.000Z,70.64370555940343
1397,2026-04-21T20:23:00.000Z,71.46793386455256
1398,2026-04-21T20:24:00.000Z,73.51599459663518
1399,2026-04-21T20:25:00.000Z,72.14833244071212
1400,2026-04-21T20:26:00.000Z,65.62441345202375
1401,2026-04-21T20:27:00.000Z,61.97446560462175
1402,2026-04-21T20:28:00.000Z,60.93462573696752
1403,2026-04-21T20:29:00.000Z,56.38306562088117
1404,2026-04-21T20:30:00.000Z,58.510806586282335
1405,2026-04-21T20:31:00.000Z,61.228304216840144
1406,2026-04-21T20:33:00.000Z,66.847020531271
1407,2026-04-21T20:34:00.000Z,65.91259350394586
1408,2026-04-21T20:35:00.000Z,68.92974830049545
1409,2026-04-21T20:36:00.000Z,64.5817864269859
1410,2026-04-21T20:38:00.000Z,70.37289976173703
1411,2026-04-21T20:39:00.000Z,72.32712695659858
1412,2026-04-21T20:40:00.000Z,64.55802248656042
1413,2026-04-21T20:41:00.000Z,64.99812798329674
1414,2026-04-21T20:42:00.000Z,67.72181220250438
1415,2026-04-21T20:43:00.000Z,59.09903536639742
1416,2026-04-21T20:44:00.000Z,59.09903536639742
1417,2026-04-21T20:45:00.000Z,56.75171648505992
1418,2026-04-21T20:47:00.000Z,64.07358445512037
1419,2026-04-21T20:48:00.000Z,56.31078823137089
1420,2026-04-21T20:49:00.000Z,65.15839786257064
1421,2026-04-21T20:50:00.000Z,68.02549441148223
1422,2026-04-21T20:51:00.000Z,54.930493003152456
1423,2026-04-21T20:52:00.000Z,64.53188995661336
1424,2026-04-21T20:54:00.000Z,69.41815057110638
1425,2026-04-21T20:55:00.000Z,67.33108212508102
1426,2026-04-21T20:56:00.000Z,69.15672056973767
1427,2026-04-21T20:57:00.000Z,70.77115804698391
1428,2026-04-21T20:58:00.000Z,74.6225316558311
1429,2026-04-21T21:00:00.000Z,74.66754674843536
1430,2026-04-21T21:02:00.000Z,76.12683713096294
1431,2026-04-21T21:03:00.000Z,79.48879983324336
1432,2026-04-21T21:04:00.000Z,81.70761849097954
1433,2026-04-21T21:05:00.000Z,83.27688364293786
1434,2026-04-21T21:07:00.000Z,53.164252065513004
1435,2026-04-21T21:11:00.000Z,66.9529668477615
1436,2026-04-21T21:12:00.000Z,67.36621561454967
1437,2026-04-21T21:13:00.000Z,63.35544284904621
1438,2026-04-21T21:14:00.000Z,51.79215893990162
1439,2026-04-21T21:15:00.000Z,48.474427600613936
1440,2026-04-21T21:16:00.000Z,51.938054243942815
1441,2026-04-21T21:17:00.000Z,56.834579552838704
1442,2026-04-21T21:18:00.000Z,64.06891814297938
1443,2026-04-21T21:19:00.000Z,53.9053294207292
1444,2026-04-21T21:20:00.000Z,56.82922236076235
1445,2026-04-21T21:21:00.000Z,59.16070150037769
1446,2026-04-21T21:22:00.000Z,59.16070150037769
1447,2026-04-21T21:23:00.000Z,59.16070150037769
1448,2026-04-21T21:24:00.000Z,61.50647554874352
1449,2026-04-21T21:25:00.000Z,61.29406869009762
1450,2026-04-21T21:27:00.000Z,59.26254065168232
1451,2026-04-21T21:28:00.000Z,61.191920678421404
1452,2026-04-21T21:29:00.000Z,61.191920678421404
1453,2026-04-21T21:31:00.000Z,64.87632191906897
1454,2026-04-21T21:33:00.000Z,64.55129587793058
1455,2026-04-21T21:34:00.000Z,58.92548067493902
1456,2026-04-21T21:35:00.000Z,62.78925122243222
1457,2026-04-21T21:36:00.000Z,60.621900491558016
1458,2026-04-21T21:37:00.000Z,56.253000503021156
1459,2026-04-21T21:38:00.000Z,56.253000503021156
1460,2026-04-21T21:42:00.000Z,58.406001063539534
1461,2026-04-21T21:45:00.000Z,64.27089008284153
1462,2026-04-21T21:46:00.000Z,57.4949956652955
1463,2026-04-21T21:47:00.000Z,57.4949956652955
1464,2026-04-21T21:48:00.000Z,51.94963441624857
1465,2026-04-21T21:51:00.000Z,51.94963441624857
1466,2026-04-21T21:52:00.000Z,51.94963441624857
1467,2026-04-21T21:53:00.000Z,53.54453701751166
1468,2026-04-21T21:54:00.000Z,45.12027714652964
1469,2026-04-21T21:55:00.000Z,47.51694538268095
1470,2026-04-21T21:57:00.000Z,48.89875636798319
1471,2026-04-21T21:58:00.000Z,46.94049188574587
1472,2026-04-21T21:59:00.000Z,44.916842476528394
1473,2026-04-21T22:00:00.000Z,29.29044620049021
1474,2026-04-21T22:01:00.000Z,17.11284636275093
1475,2026-04-21T22:02:00.000Z,74.27208500670085
1476,2026-04-21T22:03:00.000Z,60.85424094612107
1477,2026-04-21T22:05:00.000Z,51.5426503891988
1478,2026-04-21T22:06:00.000Z,45.360923787161845
1479,2026-04-21T22:07:00.000Z,40.732788043106446
1480,2026-04-21T22:09:00.000Z,41.981449951876904
1481,2026-04-21T22:10:00.000Z,27.450659955599164
1482,2026-04-21T22:11:00.000Z,42.22483886239548
1483,2026-04-21T22:12:00.000Z,50.91448349039316
1484,2026-04-21T22:13:00.000Z,44.4931450634874
1485,2026-04-21T22:14:00.000Z,49.214156102375874
1486,2026-04-21T22:15:00.000Z,48.24235846348923
1487,2026-04-21T22:16:00.000Z,48.57082093811253
1488,2026-04-21T22:19:00.000Z,50.37316783835028
1489,2026-04-21T22:20:00.000Z,42.61813481672018
1490,2026-04-21T22:23:00.000Z,38.87736309791476
1491,2026-04-21T22:24:00.000Z,35.73668410587652
1492,2026-04-21T22:26:00.000Z,42.87302082806998
1493,2026-04-21T22:27:00.000Z,44.75364616010758
1494,2026-04-21T22:28:00.000Z,45.95459246731352
1495,2026-04-21T22:29:00.000Z,38.619383426457276
1496,2026-04-21T22:30:00.000Z,39.228254358646765
1497,2026-04-21T22:32:00.000Z,49.902171830113524
1498,2026-04-21T22:34:00.000Z,49.89025639612497
1499,2026-04-21T22:40:00.000Z,49.53982481092916
1500,2026-04-21T22:41:00.000Z,47.180201208978346
1501,2026-04-21T22:42:00.000Z,40.64616394726978
1502,2026-04-21T22:43:00.000Z,37.171332664843774
1503,2026-04-21T22:47:00.000Z,37.17133266484378
1504,2026-04-21T22:48:00.000Z,32.14717899655949
1505,2026-04-21T22:50:00.000Z,32.93165835484449
1506,2026-04-21T22:54:00.000Z,49.88068053819235
1507,2026-04-21T22:55:00.000Z,58.87455566727277
1508,2026-04-21T22:56:00.000Z,56.045912506365
1509,2026-04-21T22:57:00.000Z,56.045912506365
1510,2026-04-21T22:58:00.000Z,58.08490670596878
1511,2026-04-21T22:59:00.000Z,46.546413953908264
1512,2026-04-21T23:01:00.000Z,56.726220605126045
1513,2026-04-21T23:02:00.000Z,66.98317664464335
1514,2026-04-21T23:03:00.000Z,60.830523517751544
1515,2026-04-21T23:05:00.000Z,40.867140996689564
1516,2026-04-21T23:06:00.000Z,58.372863019134414
1517,2026-04-21T23:07:00.000Z,56.795248503249475
1518,2026-04-21T23:08:00.000Z,58.993543010476145
1519,2026-04-21T23:09:00.000Z,61.041769329476
1520,2026-04-21T23:10:00.000Z,65.61606081214336
1521,2026-04-21T23:12:00.000Z,65.85656670482481
1522,2026-04-21T23:13:00.000Z,67.8716174296618
1523,2026-04-21T23:14:00.000Z,69.14407697092643
1524,2026-04-21T23:15:00.000Z,64.54282916458178
1525,2026-04-21T23:16:00.000Z,67.01241266776432
1526,2026-04-21T23:17:00.000Z,69.12897590130159
1527,2026-04-21T23:18:00.000Z,69.44406311626503
1528,2026-04-21T23:19:00.000Z,75.82781515843875
1529,2026-04-21T23:20:00.000Z,69.44127984431621
1530,2026-04-21T23:21:00.000Z,70.37689786667188
1531,2026-04-21T23:23:00.000Z,77.42647382079491
1532,2026-04-21T23:24:00.000Z,69.73858282464302
1533,2026-04-21T23:25:00.000Z,72.23118037968253
1534,2026-04-21T23:26:00.000Z,72.23118037968253
1535,2026-04-21T23:27:00.000Z,57.6957332464529
1536,2026-04-21T23:29:00.000Z,60.85357763458329
1537,2026-04-21T23:31:00.000Z,40.85049163804984
1538,2026-04-21T23:32:00.000Z,53.7815842702775
1539,2026-04-21T23:33:00.000Z,58.282931794777056
1540,2026-04-21T23:34:00.000Z,59.752852352189684
1541,2026-04-21T23:35:00.000Z,53.402269640953705
1542,2026-04-21T23:36:00.000Z,46.09110745251611
1543,2026-04-21T23:37:00.000Z,53.28602827351383
1544,2026-04-21T23:38:00.000Z,56.86598384257507
1545,2026-04-21T23:39:00.000Z,42.0389304270764
1546,2026-04-21T23:41:00.000Z,53.78709841917403
1547,2026-04-21T23:42:00.000Z,49.45018408120485
1548,2026-04-21T23:45:00.000Z,58.895861994795034
1549,2026-04-21T23:46:00.000Z,60.42823992079369
1550,2026-04-21T23:47:00.000Z,61.57922823260679
1551,2026-04-21T23:48:00.000Z,59.62808596359164
1552,2026-04-21T23:49:00.000Z,63.52826786419847
1553,2026-04-21T23:50:00.000Z,65.99228772310046
1554,2026-04-21T23:51:00.000Z,66.24881254435869
1555,2026-04-21T23:52:00.000Z,71.353761427292
1556,2026-04-21T23:53:00.000Z,67.5238326873579
1557,2026-04-21T23:54:00.000Z,58.44828973020606
1558,2026-04-21T23:55:00.000Z,62.53916599143019
1559,2026-04-21T23:56:00.000Z,66.35714611940506
1560,2026-04-21T23:57:00.000Z,52.9735775433343
1561,2026-04-21T23:58:00.000Z,55.722290190299454
1562,2026-04-21T23:59:00.000Z,54.82438976171615
1563,2026-04-22T08:00:00.000Z,85.44064042443347
1564,2026-04-22T08:01:00.000Z,75.51404664468447
1565,2026-04-22T08:02:00.000Z,73.35674512851985
1566,2026-04-22T08:03:00.000Z,73.6391510283854
1567,2026-04-22T08:04:00.000Z,73.94978596926845
1568,2026-04-22T08:05:00.000Z,83.02582323110877
1569,2026-04-22T08:06:00.000Z,61.655622880670165
1570,2026-04-22T08:08:00.000Z,61.15909180931752
1571,2026-04-22T08:09:00.000Z,60.79191030651394
1572,2026-04-22T08:11:00.000Z,63.388364799110235
1573,2026-04-22T08:13:00.000Z,59.78287729509242
1574,2026-04-22T08:18:00.000Z,57.614235369130434
1575,2026-04-22T08:19:00.000Z,57.147798300191376
1576,2026-04-22T08:22:00.000Z,51.30663530662452
1577,2026-04-22T08:23:00.000Z,48.20270620701987
1578,2026-04-22T08:24:00.000Z,49.67073503138753
1579,2026-04-22T08:28:00.000Z,51.72311610903124
1580,2026-04-22T08:30:00.000Z,48.91789126237024
1581,2026-04-22T08:32:00.000Z,52.937967020259784
1582,2026-04-22T08:33:00.000Z,43.5698041646045
1583,2026-04-22T08:34:00.000Z,42.81765341029841
1584,2026-04-22T08:35:00.000Z,45.96584688044913
1585,2026-04-22T08:36:00.000Z,42.73105908882703
1586,2026-04-22T08:37:00.000Z,45.10177712112887
1587,2026-04-22T08:38:00.000Z,46.31028944639639
1588,2026-04-22T08:39:00.000Z,48.551042899698906
1589,2026-04-22T08:40:00.000Z,43.0078371775734
1590,2026-04-22T08:41:00.000Z,45.98142840344881
1591,2026-04-22T08:42:00.000Z,52.07625683085885
1592,2026-04-22T08:43:00.000Z,56.72424387180358
1593,2026-04-22T08:44:00.000Z,54.55951022194004
1594,2026-04-22T08:45:00.000Z,61.21934436348667
1595,2026-04-22T08:46:00.000Z,58.21954794121468
1596,2026-04-22T08:47:00.000Z,54.04830267516618
1597,2026-04-22T08:48:00.000Z,48.973120168896045
1598,2026-04-22T08:49:00.000Z,52.66249720693428
1599,2026-04-22T08:50:00.000Z,47.62214205016143
1600,2026-04-22T08:51:00.000Z,56.32983798970639
1601,2026-04-22T08:52:00.000Z,62.47139538027751
1602,2026-04-22T08:53:00.000Z,59.76956378654631
1603,2026-04-22T08:54:00.000Z,59.051275338536726
1604,2026-04-22T08:55:00.000Z,62.12375806792839
1605,2026-04-22T08:56:00.000Z,65.35077916415332
1606,2026-04-22T08:57:00.000Z,64.7693581312301
1607,2026-04-22T08:59:00.000Z,55.766610961028135
1608,2026-04-22T09:00:00.000Z,68.5522179749301
1609,2026-04-22T09:02:00.000Z,68.38117043330806
1610,2026-04-22T09:04:00.000Z,68.46967715729346
1611,2026-04-22T09:08:00.000Z,73.82702090931367
1612,2026-04-22T09:10:00.000Z,68.77103525919864
1613,2026-04-22T09:13:00.000Z,57.294092756424035
1614,2026-04-22T09:16:00.000Z,65.3100211898363
1615,2026-04-22T09:21:00.000Z,59.07299723527985
1616,2026-04-22T09:22:00.000Z,64.75316873397273
1617,2026-04-22T09:23:00.000Z,52.87240884985738
1618,2026-04-22T09:24:00.000Z,56.15791383102589
1619,2026-04-22T09:25:00.000Z,55.464130157071
1620,2026-04-22T09:29:00.000Z,43.40023163781368
1621,2026-04-22T09:30:00.000Z,36.67039080138718
1622,2026-04-22T09:31:00.000Z,32.8499874528317
1623,2026-04-22T09:34:00.000Z,36.56730263081027
1624,2026-04-22T09:37:00.000Z,44.815584569590825
1625,2026-04-22T09:41:00.000Z,61.3193595843359
1626,2026-04-22T09:42:00.000Z,62.40358362238649
1627,2026-04-22T09:43:00.000Z,52.9430705437983
1628,2026-04-22T09:46:00.000Z,43.3527340317372
1629,2026-04-22T09:47:00.000Z,41.456188729250734
1630,2026-04-22T09:49:00.000Z,45.2655556551807
1631,2026-04-22T09:50:00.000Z,45.8320152994174
1632,2026-04-22T09:53:00.000Z,41.48497083286293
1633,2026-04-22T09:54:00.000Z,31.425395315744794
1634,2026-04-22T09:55:00.000Z,30.500885912064447
1635,2026-04-22T09:57:00.000Z,37.406339362467904
1636,2026-04-22T09:58:00.000Z,45.87629287741229
1637,2026-04-22T09:59:00.000Z,43.964093059714095
1638,2026-04-22T10:00:00.000Z,41.074970300899075
1639,2026-04-22T10:02:00.000Z,26.215897488400515
1640,2026-04-22T10:03:00.000Z,27.498772943804042
1641,2026-04-22T10:04:00.000Z,31.174041948649247
1642,2026-04-22T10:07:00.000Z,32.952804541704424
1643,2026-04-22T10:09:00.000Z,26.56663585630703
1644,2026-04-22T10:10:00.000Z,27.32118764528586
1645,2026-04-22T10:11:00.000Z,27.00897090300718
1646,2026-04-22T10:12:00.000Z,23.399115374874896
1647,2026-04-22T10:13:00.000Z,22.28232036219383
1648,2026-04-22T10:15:00.000Z,33.06445195100828
1649,2026-04-22T10:16:00.000Z,47.9562554204308
1650,2026-04-22T10:17:00.000Z,54.2078726576165
1651,2026-04-22T10:18:00.000Z,58.42194334028349
1652,2026-04-22T10:19:00.000Z,62.711353965290996
1653,2026-04-22T10:20:00.000Z,62.711353965291
1654,2026-04-22T10:21:00.000Z,69.15514191633284
1655,2026-04-22T10:23:00.000Z,53.042659237448376
1656,2026-04-22T10:24:00.000Z,40.67525005808306
1657,2026-04-22T10:25:00.000Z,48.581590732391426
1658,2026-04-22T10:26:00.000Z,54.58910155469791
1659,2026-04-22T10:27:00.000Z,53.64888501955958
1660,2026-04-22T10:29:00.000Z,58.476370918063715
1661,2026-04-22T10:31:00.000Z,62.83138648552657
1662,2026-04-22T10:34:00.000Z,63.548213718422836
1663,2026-04-22T10:35:00.000Z,71.56769213517387
1664,2026-04-22T10:37:00.000Z,67.09668284848014
1665,2026-04-22T10:39:00.000Z,65.13478109921101
1666,2026-04-22T10:41:00.000Z,53.41984129518881
1667,2026-04-22T10:45:00.000Z,54.79194429662017
1668,2026-04-22T10:46:00.000Z,55.76911985416608
1669,2026-04-22T10:47:00.000Z,59.238320382154356
1670,2026-04-22T10:51:00.000Z,60.72360992730873
1671,2026-04-22T10:53:00.000Z,56.122343620936505
1672,2026-04-22T10:56:00.000Z,59.03258884176897
1673,2026-04-22T10:57:00.000Z,65.2547999603359
1674,2026-04-22T10:59:00.000Z,70.32524307409479
1675,2026-04-22T11:00:00.000Z,64.990386537224
1676,2026-04-22T11:01:00.000Z,64.0789464253518
1677,2026-04-22T11:02:00.000Z,66.75404921288182
1678,2026-04-22T11:03:00.000Z,60.674011174837176
1679,2026-04-22T11:04:00.000Z,51.94792368445545
1680,2026-04-22T11:05:00.000Z,49.54314979824755
1681,2026-04-22T11:06:00.000Z,47.88077669531587
1682,2026-04-22T11:07:00.000Z,49.7766238262193
1683,2026-04-22T11:09:00.000Z,48.77856322651301
1684,2026-04-22T11:12:00.000Z,58.20607628911031
1685,2026-04-22T11:13:00.000Z,57.02530568959085
1686,2026-04-22T11:15:00.000Z,60.62017800306369
1687,2026-04-22T11:17:00.000Z,73.22077662434664
1688,2026-04-22T11:18:00.000Z,54.56197846908897
1689,2026-04-22T11:19:00.000Z,55.35682869569869
1690,2026-04-22T11:21:00.000Z,58.67852029253606
1691,2026-04-22T11:22:00.000Z,60.72473021269818
1692,2026-04-22T11:23:00.000Z,41.57720771434994
1693,2026-04-22T11:28:00.000Z,46.60285247790503
1694,2026-04-22T11:30:00.000Z,43.54180259251332
1695,2026-04-22T11:31:00.000Z,53.58684282348715
1696,2026-04-22T11:35:00.000Z,42.61892565022459
1697,2026-04-22T11:36:00.000Z,46.06844776456762
1698,2026-04-22T11:38:00.000Z,37.455734069288866
1699,2026-04-22T11:39:00.000Z,32.65597798727805
1700,2026-04-22T11:40:00.000Z,27.313123540632404
1701,2026-04-22T11:41:00.000Z,25.838004376639574
1702,2026-04-22T11:42:00.000Z,33.14918434108219
1703,2026-04-22T11:43:00.000Z,25.341965082002574
1704,2026-04-22T11:44:00.000Z,24.311330383149965
1705,2026-04-22T11:45:00.000Z,22.509088986491534
1706,2026-04-22T11:46:00.000Z,24.31257364267597
1707,2026-04-22T11:47:00.000Z,23.393804658675847
1708,2026-04-22T11:48:00.000Z,40.96294896407903
1709,2026-04-22T11:49:00.000Z,41.67949030964057
1710,2026-04-22T11:51:00.000Z,44.699828611530165
1711,2026-04-22T11:52:00.000Z,43.391543922089326
1712,2026-04-22T11:54:00.000Z,41.45927358541218
1713,2026-04-22T11:55:00.000Z,35.4055923303013
1714,2026-04-22T11:57:00.000Z,48.175240664192614
1715,2026-04-22T11:59:00.000Z,41.95472785260315
1716,2026-04-22T12:00:00.000Z,47.997908996506986
1717,2026-04-22T12:02:00.000Z,62.730487703458024
1718,2026-04-22T12:03:00.000Z,64.8076254445298
1719,2026-04-22T12:04:00.000Z,68.7289803296025
1720,2026-04-22T12:05:00.000Z,69.49379855524221
1721,2026-04-22T12:06:00.000Z,56.32149308695882
1722,2026-04-22T12:07:00.000Z,52.37936422421842
1723,2026-04-22T12:08:00.000Z,43.76412339446708
1724,2026-04-22T12:09:00.000Z,45.77100286629905
1725,2026-04-22T12:11:00.000Z,39.43767917834959
1726,2026-04-22T12:12:00.000Z,34.909199499507196
1727,2026-04-22T12:13:00.000Z,43.007664922071754
1728,2026-04-22T12:14:00.000Z,48.27326653040032
1729,2026-04-22T12:15:00.000Z,52.014024902369506
1730,2026-04-22T12:17:00.000Z,33.140466681122064
1731,2026-04-22T12:19:00.000Z,37.39951249099547
1732,2026-04-22T12:20:00.000Z,38.655567335365845
1733,2026-04-22T12:21:00.000Z,48.05369971977377
1734,2026-04-22T12:22:00.000Z,50.688743652731176
1735,2026-04-22T12:23:00.000Z,49.0008155816609
1736,2026-04-22T12:25:00.000Z,62.89952327376143
1737,2026-04-22T12:26:00.000Z,66.33955401761463
1738,2026-04-22T12:28:00.000Z,71.66061547835668
1739,2026-04-22T12:29:00.000Z,62.952935695216475
1740,2026-04-22T12:30:00.000Z,40.443320741713876
1741,2026-04-22T12:31:00.000Z,41.6780814526697
1742,2026-04-22T12:32:00.000Z,47.76925627482969
1743,2026-04-22T12:33:00.000Z,51.97151320968847
1744,2026-04-22T12:34:00.000Z,56.17281662863086
1745,2026-04-22T12:35:00.000Z,37.89106719166444
1746,2026-04-22T12:36:00.000Z,39.79146340431583
1747,2026-04-22T12:37:00.000Z,42.55960356348282
1748,2026-04-22T12:38:00.000Z,41.93981860767848
1749,2026-04-22T12:39:00.000Z,45.92634136491282
1750,2026-04-22T12:40:00.000Z,41.31643536627159
1751,2026-04-22T12:41:00.000Z,46.85599124240828
1752,2026-04-22T12:42:00.000Z,37.81934125282139
1753,2026-04-22T12:43:00.000Z,42.44441401726793
1754,2026-04-22T12:45:00.000Z,37.43269359996797
1755,2026-04-22T12:46:00.000Z,37.43269359996797
1756,2026-04-22T12:47:00.000Z,39.68604615701955
1757,2026-04-22T12:48:00.000Z,30.675295504885895
1758,2026-04-22T12:49:00.000Z,29.06987653131074
1759,2026-04-22T12:50:00.000Z,39.93824493221761
1760,2026-04-22T12:51:00.000Z,34.39930542856423
1761,2026-04-22T12:52:00.000Z,34.39930542856423
1762,2026-04-22T12:53:00.000Z,46.840505397165316
1763,2026-04-22T12:55:00.000Z,47.30892191175433
1764,2026-04-22T12:56:00.000Z,41.18494399284801
1765,2026-04-22T12:57:00.000Z,46.878590395488644
1766,2026-04-22T12:58:00.000Z,40.82200804492647
1767,2026-04-22T12:59:00.000Z,45.068853154972146
1768,2026-04-22T13:00:00.000Z,37.81755474307739
1769,2026-04-22T13:01:00.000Z,42.546541641189116
1770,2026-04-22T13:02:00.000Z,35.916979969041776
1771,2026-04-22T13:03:00.000Z,39.339786483442
1772,2026-04-22T13:05:00.000Z,32.50389249404391
1773,2026-04-22T13:06:00.000Z,43.09778817398431
1774,2026-04-22T13:07:00.000Z,40.589316130919926
1775,2026-04-22T13:08:00.000Z,37.763335993784004
1776,2026-04-22T13:09:00.000Z,55.277979844333906
1777,2026-04-22T13:10:00.000Z,48.05177061241915
1778,2026-04-22T13:11:00.000Z,47.682692693580314
1779,2026-04-22T13:12:00.000Z,47.32690693114934
1780,2026-04-22T13:13:00.000Z,43.49535497300854
1781,2026-04-22T13:14:00.000Z,46.17985380710947
1782,2026-04-22T13:15:00.000Z,41.72013671305276
1783,2026-04-22T13:16:00.000Z,37.63166741937967
1784,2026-04-22T13:17:00.000Z,32.00395520014524
1785,2026-04-22T13:18:00.000Z,30.692777748420255
1786,2026-04-22T13:19:00.000Z,57.073043852765586
1787,2026-04-22T13:20:00.000Z,57.74321524705674
1788,2026-04-22T13:21:00.000Z,58.111071019018574
1789,2026-04-22T13:22:00.000Z,56.45248512379665
1790,2026-04-22T13:23:00.000Z,67.30167960734445
1791,2026-04-22T13:24:00.000Z,70.01286904064486
1792,2026-04-22T13:25:00.000Z,63.497537651193404
1793,2026-04-22T13:26:00.000Z,58.487680099176806
1794,2026-04-22T13:27:00.000Z,64.44525432059288
1795,2026-04-22T13:28:00.000Z,69.14025130609268
1796,2026-04-22T13:29:00.000Z,71.0224221965174
1797,2026-04-22T13:30:00.000Z,50.310207181082156
1798,2026-04-22T13:31:00.000Z,40.249198697462546
1799,2026-04-22T13:32:00.000Z,49.483366124805656
1800,2026-04-22T13:33:00.000Z,47.57465429209253
1801,2026-04-22T13:34:00.000Z,48.32205885420656
1802,2026-04-22T13:35:00.000Z,51.06929511043667
1803,2026-04-22T13:36:00.000Z,60.01015355651877
1804,2026-04-22T13:37:00.000Z,67.60205229428294
1805,2026-04-22T13:38:00.000Z,54.682896384637274
1806,2026-04-22T13:39:00.000Z,55.5516364913414
1807,2026-04-22T13:40:00.000Z,53.62794405933966
1808,2026-04-22T13:41:00.000Z,61.19809336126049
1809,2026-04-22T13:42:00.000Z,62.57395777860364
1810,2026-04-22T13:43:00.000Z,68.26753569470584
1811,2026-04-22T13:44:00.000Z,72.36683845603133
1812,2026-04-22T13:45:00.000Z,76.85228409393521
1813,2026-04-22T13:46:00.000Z,78.58201097656087
1814,2026-04-22T13:47:00.000Z,72.48819675339897
1815,2026-04-22T13:48:00.000Z,69.8395559413822
1816,2026-04-22T13:49:00.000Z,65.52781397497998
1817,2026-04-22T13:50:00.000Z,57.10257857465925
1818,2026-04-22T13:51:00.000Z,46.114033239360445
1819,2026-04-22T13:52:00.000Z,55.982871632202155
1820,2026-04-22T13:53:00.000Z,47.53932169952997
1821,2026-04-22T13:54:00.000Z,53.809648640356976
1822,2026-04-22T13:55:00.000Z,50.73974047579497
1823,2026-04-22T13:56:00.000Z,51.60242202093478
1824,2026-04-22T13:57:00.000Z,45.365575056338784
1825,2026-04-22T13:58:00.000Z,47.19359481783827
1826,2026-04-22T13:59:00.000Z,48.92583460447467
1827,2026-04-22T14:00:00.000Z,53.82364306406868
1828,2026-04-22T14:01:00.000Z,47.57545824914478
1829,2026-04-22T14:02:00.000Z,39.02006993070471
1830,2026-04-22T14:03:00.000Z,34.42665959292803
1831,2026-04-22T14:04:00.000Z,27.78053859129703
1832,2026-04-22T14:05:00.000Z,23.88940070232519
1833,2026-04-22T14:06:00.000Z,35.91212153916106
1834,2026-04-22T14:07:00.000Z,32.97892879507445
1835,2026-04-22T14:08:00.000Z,29.225251976854125
1836,2026-04-22T14:09:00.000Z,41.79661598320267
1837,2026-04-22T14:10:00.000Z,46.00242928007709
1838,2026-04-22T14:11:00.000Z,36.773815541725035
1839,2026-04-22T14:12:00.000Z,36.973142980597665
1840,2026-04-22T14:13:00.000Z,38.72117017898775
1841,2026-04-22T14:14:00.000Z,46.26412427969355
1842,2026-04-22T14:15:00.000Z,53.43031687280855
1843,2026-04-22T14:16:00.000Z,47.70482979659196
1844,2026-04-22T14:17:00.000Z,54.55347231146435
1845,2026-04-22T14:18:00.000Z,50.207093255306255
1846,2026-04-22T14:19:00.000Z,50.49056338089924
1847,2026-04-22T14:20:00.000Z,59.19367675255815
1848,2026-04-22T14:21:00.000Z,60.445513449192475
1849,2026-04-22T14:22:00.000Z,48.349934444126376
1850,2026-04-22T14:23:00.000Z,41.852836038360216
1851,2026-04-22T14:24:00.000Z,40.62419952484297
1852,2026-04-22T14:25:00.000Z,43.9680667479929
1853,2026-04-22T14:26:00.000Z,56.17045194570639
1854,2026-04-22T14:27:00.000Z,43.96502436198075
1855,2026-04-22T14:28:00.000Z,43.37624030070583
1856,2026-04-22T14:29:00.000Z,41.36212800153682
1857,2026-04-22T14:30:00.000Z,32.74617333439039
1858,2026-04-22T14:31:00.000Z,36.340370169538566
1859,2026-04-22T14:32:00.000Z,28.854770500289305
1860,2026-04-22T14:33:00.000Z,28.083337591926224
1861,2026-04-22T14:34:00.000Z,27.067859493318025
1862,2026-04-22T14:35:00.000Z,20.176288408634363
1863,2026-04-22T14:36:00.000Z,21.776675656437547
1864,2026-04-22T14:37:00.000Z,19.974559085826044
1865,2026-04-22T14:38:00.000Z,43.29270616994306
1866,2026-04-22T14:39:00.000Z,43.64056900521273
1867,2026-04-22T14:40:00.000Z,54.62374783763055
1868,2026-04-22T14:41:00.000Z,44.12158706041362
1869,2026-04-22T14:42:00.000Z,42.74499402201121
1870,2026-04-22T14:43:00.000Z,41.876862568058066
1871,2026-04-22T14:44:00.000Z,39.19668011023813
1872,2026-04-22T14:45:00.000Z,38.36799613593578
1873,2026-04-22T14:46:00.000Z,38.669236434811886
1874,2026-04-22T14:47:00.000Z,39.93822020047897
1875,2026-04-22T14:48:00.000Z,53.20810082634383
1876,2026-04-22T14:49:00.000Z,55.36551300618929
1877,2026-04-22T14:50:00.000Z,43.82196877651194
1878,2026-04-22T14:51:00.000Z,50.33056282846877
1879,2026-04-22T14:52:00.000Z,43.73913558824849
1880,2026-04-22T14:53:00.000Z,42.552884328460195
1881,2026-04-22T14:54:00.000Z,53.826928469760205
1882,2026-04-22T14:55:00.000Z,49.5648766026468
1883,2026-04-22T14:56:00.000Z,42.58046447030509
1884,2026-04-22T14:57:00.000Z,45.17102432773706
1885,2026-04-22T14:58:00.000Z,48.24254740328804
1886,2026-04-22T14:59:00.000Z,50.89479347210615
1887,2026-04-22T15:00:00.000Z,53.98977259344801
1888,2026-04-22T15:01:00.000Z,48.799508989537784
1889,2026-04-22T15:02:00.000Z,44.450397538399315
1890,2026-04-22T15:03:00.000Z,51.60208530707137
1891,2026-04-22T15:04:00.000Z,47.207272467388236
1892,2026-04-22T15:05:00.000Z,49.103970541426094
1893,2026-04-22T15:06:00.000Z,50.531630263931255
1894,2026-04-22T15:07:00.000Z,58.845554094919464
1895,2026-04-22T15:08:00.000Z,59.08751810979138
1896,2026-04-22T15:09:00.000Z,50.00073302828346
1897,2026-04-22T15:10:00.000Z,64.43255862489968
1898,2026-04-22T15:11:00.000Z,58.00710474066385
1899,2026-04-22T15:12:00.000Z,51.682898065422656
1900,2026-04-22T15:13:00.000Z,55.33465289561637
1901,2026-04-22T15:14:00.000Z,54.18334015593294
1902,2026-04-22T15:15:00.000Z,42.884128058839416
1903,2026-04-22T15:16:00.000Z,35.638958307543106
1904,2026-04-22T15:17:00.000Z,28.212817375111683
1905,2026-04-22T15:18:00.000Z,38.83791771918262
1906,2026-04-22T15:19:00.000Z,44.80468793324427
1907,2026-04-22T15:20:00.000Z,40.99457715489209
1908,2026-04-22T15:21:00.000Z,40.50548952207324
1909,2026-04-22T15:22:00.000Z,40.72754323809037
1910,2026-04-22T15:23:00.000Z,43.189939237303165
1911,2026-04-22T15:24:00.000Z,50.68003182031986
1912,2026-04-22T15:25:00.000Z,50.68003182031986
1913,2026-04-22T15:26:00.000Z,39.520322483744316
1914,2026-04-22T15:27:00.000Z,38.65038386085723
1915,2026-04-22T15:28:00.000Z,45.41158329793721
1916,2026-04-22T15:29:00.000Z,59.851154998379606
1917,2026-04-22T15:30:00.000Z,58.64822113508359
1918,2026-04-22T15:31:00.000Z,42.01406720901019
1919,2026-04-22T15:32:00.000Z,47.299635956850395
1920,2026-04-22T15:33:00.000Z,49.645838996507614
1921,2026-04-22T15:34:00.000Z,45.124382882595604
1922,2026-04-22T15:35:00.000Z,34.51194154083154
1923,2026-04-22T15:36:00.000Z,35.091664818867685
1924,2026-04-22T15:37:00.000Z,34.086563596168006
1925,2026-04-22T15:38:00.000Z,32.022854899133065
1926,2026-04-22T15:39:00.000Z,29.66617905020243
1927,2026-04-22T15:40:00.000Z,29.66617905020243
1928,2026-04-22T15:41:00.000Z,34.86759319220968
1929,2026-04-22T15:42:00.000Z,29.54191962809095
1930,2026-04-22T15:43:00.000Z,37.767878666005906
1931,2026-04-22T15:44:00.000Z,32.62499994457835
1932,2026-04-22T15:45:00.000Z,40.920697249212104
1933,2026-04-22T15:46:00.000Z,39.431348122273015
1934,2026-04-22T15:47:00.000Z,45.40121665948995
1935,2026-04-22T15:48:00.000Z,48.92847035829625
1936,2026-04-22T15:49:00.000Z,43.2578773815442
1937,2026-04-22T15:50:00.000Z,37.783626822131154
1938,2026-04-22T15:51:00.000Z,33.07483324967728
1939,2026-04-22T15:52:00.000Z,32.17322477959638
1940,2026-04-22T15:53:00.000Z,40.40204663933567
1941,2026-04-22T15:54:00.000Z,45.37263718906442
1942,2026-04-22T15:55:00.000Z,58.88161674848845
1943,2026-04-22T15:56:00.000Z,62.366025866795106
1944,2026-04-22T15:57:00.000Z,61.52626632075697
1945,2026-04-22T15:58:00.000Z,49.53249820978351
1946,2026-04-22T15:59:00.000Z,48.864145348800385
1947,2026-04-22T16:00:00.000Z,55.021573831946334
1948,2026-04-22T16:01:00.000Z,37.51600023205041
1949,2026-04-22T16:02:00.000Z,43.39762209935104
1950,2026-04-22T16:03:00.000Z,52.83191702886362
1951,2026-04-22T16:04:00.000Z,60.64692115062552
1952,2026-04-22T16:05:00.000Z,63.65677620165335
1953,2026-04-22T16:06:00.000Z,64.95675169860863
1954,2026-04-22T16:07:00.000Z,67.08863944053059
1955,2026-04-22T16:08:00.000Z,67.8802174067331
1956,2026-04-22T16:09:00.000Z,69.13486667794456
1957,2026-04-22T16:10:00.000Z,63.56263272303234
1958,2026-04-22T16:11:00.000Z,44.16835934762334
1959,2026-04-22T16:12:00.000Z,51.10996874584938
1960,2026-04-22T16:13:00.000Z,53.80185808012776
1961,2026-04-22T16:14:00.000Z,55.361611653385445
1962,2026-04-22T16:15:00.000Z,41.9140260356545
1963,2026-04-22T16:16:00.000Z,38.74891133758381
1964,2026-04-22T16:17:00.000Z,44.759363247245865
1965,2026-04-22T16:18:00.000Z,43.19077220525021
1966,2026-04-22T16:19:00.000Z,32.671214536049405
1967,2026-04-22T16:20:00.000Z,33.045990822970154
1968,2026-04-22T16:21:00.000Z,39.137141780707104
1969,2026-04-22T16:22:00.000Z,40.28440000540135
1970,2026-04-22T16:23:00.000Z,35.51864448360283
1971,2026-04-22T16:24:00.000Z,32.34626045593865
1972,2026-04-22T16:25:00.000Z,33.59693712341695
1973,2026-04-22T16:26:00.000Z,33.39985748721395
1974,2026-04-22T16:27:00.000Z,35.74591822562893
1975,2026-04-22T16:28:00.000Z,49.38080377247413
1976,2026-04-22T16:29:00.000Z,41.581054288304486
1977,2026-04-22T16:30:00.000Z,34.830453952502026
1978,2026-04-22T16:31:00.000Z,41.105985090456144
1979,2026-04-22T16:32:00.000Z,47.23123370978474
1980,2026-04-22T16:33:00.000Z,55.25657205184461
1981,2026-04-22T16:34:00.000Z,57.77046636541757
1982,2026-04-22T16:35:00.000Z,62.50820256623382
1983,2026-04-22T16:36:00.000Z,63.65458884094576
1984,2026-04-22T16:37:00.000Z,65.43880788400622
1985,2026-04-22T16:38:00.000Z,60.952775825904496
1986,2026-04-22T16:39:00.000Z,61.690280780281974
1987,2026-04-22T16:40:00.000Z,67.85088537973742
1988,2026-04-22T16:41:00.000Z,74.91210538087594
1989,2026-04-22T16:42:00.000Z,62.182720276992505
1990,2026-04-22T16:43:00.000Z,49.89038561493893
1991,2026-04-22T16:44:00.000Z,58.55282141339475
1992,2026-04-22T16:45:00.000Z,44.64758487047009
1993,2026-04-22T16:46:00.000Z,48.328639422905184
1994,2026-04-22T16:47:00.000Z,51.64628694709672
1995,2026-04-22T16:48:00.000Z,52.579086964839426
1996,2026-04-22T16:49:00.000Z,44.25243245705066
1997,2026-04-22T16:50:00.000Z,53.75842289038261
1998,2026-04-22T16:51:00.000Z,49.629953345594046
1999,2026-04-22T16:52:00.000Z,50.93548332542669
